Workbook
Name JR_PAGE_ANCHOR_0_1: #REF!
Name Status: #REF!

Sheet Biinding
A1: No | B1: TestID | C1: Channels | D1: Service_Name | E1: Scenarios | F1: Testcase_Type | G1: Test_Case_Description | H1: Sender_Account_Type | I1: Sender_Account | J1: Sender CoS/Account-Classs | K1: Account_Currency | L1: Amount | M1: Fee | N1: Commission | O1: Receiver Amount | P1: Reciever_Account_Type | Q1: Receiver_Account | R1: Receiver_Class_Of_Service | S1: Reciever_Currency | T1: TID | U1: Transaction Date | V1: Status
A2: 1 | B2: TCRT-0001 | D2: Wing to Wing | E2: Perform from PSP KHR to FC USD | F2: Normal | G2: Perform from PSP KHR to FC USD | H2: PSP | I2: ='Wing Bank App'!I5 -> 07782083 | J2: Customer - Current Account Personal - Standard | K2: KHR | L2: ='Wing Bank App'!L5 -> 120000 | M2: 0 | N2: 0 | P2: FC | Q2: ='Wing Bank App'!Q5 -> 103634533 | R2: High Yield Saving - Standard | S2: USD | V2: ='Wing Bank App'!Z5 -> Passed
A3: 2 | B3: TCRT-0002 | D3: Wing to Wing | E3: Perform from FC KHR to PSP USD | F3: Normal | G3: Perform from FC KHR to PSP USD | H3: FC | I3: ='Wing Bank App'!I6 -> 103634567 | J3: High Yield Saving - Standard | K3: KHR | L3: ='Wing Bank App'!L6 -> 120000 | M3: 0 | N3: 0 | P3: PSP | Q3: ='Wing Bank App'!Q6 -> 07782087 | R3: Customer - Current Account Personal - Standard | S3: USD | V3: ='Wing Bank App'!Z6 -> Passed
A4: 3 | B4: TCRT-0003 | D4: Wing to Wing | E4: Perform from PSP USD to FC KHR | F4: Normal | G4: Perform from PSP USD to FC KHR | H4: PSP | I4: ='Wing Bank App'!I7 -> 07782087 | J4: Customer - Current Account Personal - Standard | K4: USD | L4: ='Wing Bank App'!L7 -> 30 | M4: 0 | N4: 0 | P4: FC | Q4: ='Wing Bank App'!Q7 -> 103634567 | R4: High Yield Saving - Standard | S4: KHR | V4: ='Wing Bank App'!Z7 -> Passed
A5: 4 | B5: TCRT-0004 | D5: Wing to Wing | E5: Perform from FC USD to PSP KHR | F5: Normal | G5: Perform from FC USD to PSP KHR | H5: FC | I5: ='Wing Bank App'!I8 -> 103634533 | J5: High Yield Saving - Standard | K5: USD | L5: ='Wing Bank App'!L8 -> 30 | M5: 0 | N5: 0 | P5: PSP | Q5: ='Wing Bank App'!Q8 -> 07782083 | R5: Customer - Current Account Personal - Standard | S5: KHR | V5: ='Wing Bank App'!Z8 -> Passed
A6: 5 | B6: TCRT-0005 | D6: Wing to Wing | E6: Perform from PSP KHR to PSP USD | F6: Normal | G6: Perform from PSP KHR to PSP USD | H6: PSP | I6: ='Wing Bank App'!I9 -> 07782083 | J6: Customer - Current Account Personal - Standard | K6: KHR | L6: ='Wing Bank App'!L9 -> 120000 | M6: 0 | N6: 0 | P6: PSP | Q6: ='Wing Bank App'!Q9 -> 07782087 | R6: Customer - Current Account Personal - Standard | S6: USD | V6: ='Wing Bank App'!Z9 -> Passed
A7: 6 | B7: TCRT-0006 | D7: Wing to Wing | E7: Perform from FC KHR to FC USD | F7: Normal | G7: Perform from FC KHR to FC USD | H7: FC | I7: ='Wing Bank App'!I10 -> 103634567 | J7: High Yield Saving - Standard | K7: KHR | L7: ='Wing Bank App'!L10 -> 120000 | M7: 0 | N7: 0 | P7: FC | Q7: ='Wing Bank App'!Q10 -> 103634533 | R7: High Yield Saving - Standard | S7: USD | V7: ='Wing Bank App'!Z10 -> Passed
A8: 7 | B8: TCRT-0007 | D8: Wing to Wing | E8: Perform from PSP USD to PSP KHR | F8: Normal | G8: Perform from PSP USD to PSP KHR | H8: PSP | I8: ='Wing Bank App'!I11 -> 07782087 | J8: Customer - Current Account Personal - Standard | K8: USD | L8: ='Wing Bank App'!L11 -> 30 | M8: 0 | N8: 0 | P8: PSP | Q8: ='Wing Bank App'!Q11 -> 07782083 | R8: Customer - Current Account Personal - Standard | S8: KHR | V8: ='Wing Bank App'!Z11 -> Passed
A9: 8 | B9: TCRT-0008 | D9: Wing to Wing | E9: Perform from FC USD to FC KHR | F9: Normal | G9: Perform from FC USD to FC KHR | H9: FC | I9: ='Wing Bank App'!I12 -> 103634533 | J9: Customer - Current Account Personal - Standard | K9: USD | L9: ='Wing Bank App'!L12 -> 30 | M9: 0 | N9: 0 | P9: FC | Q9: ='Wing Bank App'!Q12 -> 103634567 | R9: High Yield Saving - Standard | S9: KHR | V9: ='Wing Bank App'!Z12 -> Passed
A10: 9 | B10: TCRT-0009 | D10: Wing to Wing | E10: Perform from PSP USD to FC USD | F10: Normal | G10: Perform from PSP USD to FC USD | H10: PSP | I10: ='Wing Bank App'!I13 -> 07782087 | J10: High Yield Saving - Standard | K10: USD | L10: ='Wing Bank App'!L13 -> 1 | M10: 0 | N10: 0 | P10: FC | Q10: ='Wing Bank App'!Q13 -> 103634533 | R10: High Yield Saving - Standard | S10: USD | V10: ='Wing Bank App'!Z13 -> Passed
A11: 10 | B11: TCRT-0010 | D11: Wing to Wing | E11: Perform from PSP KHR to FC KHR | F11: Normal | G11: Perform from PSP KHR to FC KHR | H11: PSP | I11: ='Wing Bank App'!I14 -> 07782083 | J11: Customer - Current Account Personal - Standard | K11: KHR | L11: ='Wing Bank App'!L14 -> 4000 | M11: 0 | N11: 0 | P11: FC | Q11: ='Wing Bank App'!Q14 -> 103634567 | R11: High Yield Saving - Standard | S11: KHR | V11: ='Wing Bank App'!Z14 -> Passed
A12: 11 | B12: TCRT-0011 | D12: Wing to Wing | E12: Perform from FC USD to PSP USD | F12: Normal | G12: Perform from FC USD to PSP USD | H12: FC | I12: ='Wing Bank App'!I15 -> 103634533 | J12: High Yield Saving - Standard | K12: USD | L12: ='Wing Bank App'!L15 -> 1 | M12: 0 | N12: 0 | P12: PSP | Q12: ='Wing Bank App'!Q15 -> 07782087 | R12: Customer - Current Account Personal - Standard | S12: USD | V12: ='Wing Bank App'!Z15 -> Passed
A13: 12 | B13: TCRT-0012 | D13: Wing to Wing | E13: Perform from FC KHR to PSP KHR | F13: Normal | G13: Perform from FC KHR to PSP KHR | H13: FC | I13: ='Wing Bank App'!I16 -> 103634567 | J13: High Yield Saving - Standard | K13: KHR | L13: ='Wing Bank App'!L16 -> 4000 | M13: 0 | N13: 0 | P13: PSP | Q13: ='Wing Bank App'!Q16 -> 07782083 | R13: Customer - Current Account Personal - Standard | S13: KHR | V13: ='Wing Bank App'!Z16 -> Passed
... A21: 20 | B21: TCRT-0020 | D21: Code to Wing | E21: Perform code to non-Wing to FC USD that performed wwl from PSP KHR (cross currency) | F21: Normal | G21: Perform code to wing to FC USD that performed wwl from PSP KHR (cross currency) | H21: PSP | I21: ='Wing Bank App'!I24 -> 07782083 | J21: Customer - Current Account Personal - Standard | K21: KHR | L21: ='Wing Bank App'!L24 -> 120000 | M21: 0 | N21: 0 | P21: FC | Q21: ='Wing Bank App'!Q24 -> 103634533 | R21: High Yield Saving - Standard | S21: USD | V21: ='Wing Bank App'!Z24 -> Passed
A22: 21 | B22: TCRT-0021 | D22: PTU Pinless | E22: Peform from PSP USD to Smart | F22: Normal | G22: Peform from PSP USD to Smart | H22: PSP | I22: ='Wing Bank App'!I25 -> 07782087 | J22: Customer - Current Account Personal - Standard | K22: USD | M22: 0 | N22: 0 | O22: ='Wing Bank App'!O25 -> 1 | P22: Phone Number | Q22: ='Wing Bank App'!Q25 -> 098229845 | R22: Smart | S22: USD | V22: ='Wing Bank App'!Z25 -> Passed
A23: 22 | B23: TCRT-0022 | D23: PTU Pinless | E23: Peform from FC KHR to Smart (cross currency) | F23: Normal | G23: Peform from FC KHR to Smart (cross currency) | H23: FC | I23: ='Wing Bank App'!I26 -> 103634567 | J23: High Yield Saving - Standard | K23: KHR | M23: 0 | N23: 0 | O23: ='Wing Bank App'!O26 -> 1 | P23: Phone Number | Q23: ='Wing Bank App'!Q26 -> 098229845 | R23: Smart | S23: USD | V23: ='Wing Bank App'!Z26 -> Passed
A24: 23 | B24: TCRT-0023 | D24: PTU Pinless | E24: Peform from FC USD to Cellcard | F24: Normal | G24: Peform from FC USD to Cellcard | H24: FC | I24: ='Wing Bank App'!I27 -> 103634533 | J24: High Yield Saving - Standard | K24: USD | M24: 0 | N24: 0 | O24: ='Wing Bank App'!O27 -> 1 | P24: Phone Number | Q24: ='Wing Bank App'!Q27 -> 078731099 | R24: Cellcard | S24: USD | V24: ='Wing Bank App'!Z27 -> Passed
A25: 24 | B25: TCRT-0024 | D25: PTU PIN | E25: Perform from PSP KHR to Smart (cross currency) | F25: Normal | G25: Perform from PSP KHR to Smart (cross currency) | H25: PSP | I25: ='Wing Bank App'!I28 -> 07782083 | J25: Customer - Current Account Personal - Standard | K25: KHR | M25: 0 | N25: 0 | O25: ='Wing Bank App'!O28 -> 1 | P25: Operator | Q25: ='Wing Bank App'!Q28 -> Smart | R25: N/A | S25: USD | V25: ='Wing Bank App'!Z28 -> Passed
A26: 25 | B26: TCRT-0025 | D26: PTU PIN | E26: Perform from FC USD to Cellcard | F26: Normal | G26: Perform from FC USD to Cellcard | H26: FC | I26: ='Wing Bank App'!I29 -> 103634533 | J26: High Yield Saving - Standard | K26: USD | M26: 0 | N26: 0 | O26: ='Wing Bank App'!O29 -> 1 | P26: Operator | Q26: ='Wing Bank App'!Q29 -> Cellcard | R26: N/A | S26: USD | V26: ='Wing Bank App'!Z29 -> Passed
A27: 26 | B27: TCRT-0026 | D27: KHQR(WingBank to customer other bank) | E27: Perform from PSP KHR to customer of other bank USD (scan khqr) (cross currency) | F27: Normal | G27: Perform from PSP KHR to customer of other bank USD (scan khqr) (cross currency) | H27: PSP | I27: ='Wing Bank App'!I30 -> 07782083 | J27: Customer - Current Account Personal - Standard | K27: KHR | M27: 0 | N27: 0 | O27: ='Wing Bank App'!O30 -> 30 | P27: Customer QR OtherBank | Q27: ='Wing Bank App'!Q30 -> 00020101021229450016abaakhppxxx@abaa01090044268570208ABA Bank40390006abaP2P011259D64CDECE0F02090044268575204000053038405402305802KH5909RORN MONY6010Phnom Penh993400131776671446325011318082074463256304E369 | R27: ABA Bank Customer | S27: USD | V27: ='Wing Bank App'!Z30 -> Passed
A28: 27 | B28: TCRT-0027 | D28: KHQR(WingBank to customer other bank) | E28: Perform from FC USD to customer of other bank KHR (scan khqr) (cross currency) | F28: Normal | G28: Perform from FC USD to customer of other bank KHR (scan khqr) (cross currency) | H28: FC | I28: ='Wing Bank App'!I31 -> 103634533 | J28: High Yield Saving - Standard | K28: USD | M28: 0 | N28: 0 | O28: ='Wing Bank App'!O31 -> 120000 | P28: Customer QR OtherBank | Q28: ='Wing Bank App'!Q31 -> 00020101021229450016abaakhppxxx@abaa01096009011050208ABA Bank40390006abaP2P011259D64CDECE0F020960090110552040000530311654061200005802KH5909RORN MONY6010Phnom Penh9934001317766714861950113180820748619563041F76 | R28: ABA Bank Customer | S28: KHR | V28: ='Wing Bank App'!Z31 -> Passed
A29: 28 | B29: TCRT-0028 | D29: QR Pay | E29: Perform from PSP KHR to merchant PSP USD(no point) via scan KHQR of wingPay (cross currency) | F29: Normal | G29: Perform from PSP KHR to merchant PSP USD(no point) via scan KHQR of wingPay (cross currency) | H29: PSP | I29: ='Wing Bank App'!I32 -> 07782083 | J29: Customer - Current Account Personal - Standard | K29: KHR | M29: 0 | N29: 0 | O29: ='Wing Bank App'!O32 -> 30 | P29: Merchant App PSP | Q29: ='Wing Bank App'!Q32 -> 00020101021130510014wing_khqr@wing01065331350207WINGPAY0308MERCHANT5204721153038405802KH5923PMOTest Youhai Ren Shop6010Phnom Penh6105120006304B296 | R29: Retail - Bill Pay Corp I (Fee Free) | S29: USD | V29: ='Wing Bank App'!Z32 -> Passed
A30: 29 | B30: TCRT-0029 | D30: QR Pay | E30: Perform from PSP USD to merchant corp1 FC KHR(have point) via scan KHQR of wingPay (cross currency) | F30: Normal | G30: Perform from PSP USD to merchant corp1 FC KHR(have point) via scan KHQR of wingPay (cross currency) | H30: PSP | I30: ='Wing Bank App'!I33 -> 07782087 | J30: Customer - Current Account Personal - Standard | K30: USD | M30: 3000 | N30: 0 | O30: ='Wing Bank App'!O33 -> 120000 | P30: Merchant App FC | Q30: ='Wing Bank App'!Q33 -> 00020101021130420014wing_khqr@wing01090001342930207WINGPAY5204599953031165802KH5919PMOTEST HAI CAR SOP6010Phnom Penh624401062571730211855959890720715FCCMPY00035927863047A8A | R30: Loyalty - Corp 1 (MDR: 0% + Bronze: 2.5%) | S30: KHR | V30: ='Wing Bank App'!Z33 -> Passed
A31: 30 | B31: TCRT-0030 | D31: QR Pay | E31: Perform from PSP KHR to merchant corp1 FC USD(no point) via scan KHQR of wingpay (cross currency) | F31: Normal | G31: Perform from PSP KHR to merchant corp1 FC USD(no point) via scan KHQR of wingpay (cross currency) | H31: PSP | I31: ='Wing Bank App'!I34 -> 07782083 | J31: Customer - Current Account Personal - Standard | K31: KHR | M31: 0 | N31: 0 | O31: ='Wing Bank App'!O34 -> 30 | P31: Merchant App FC | Q31: ='Wing Bank App'!Q34 -> 00020101021130420014wing_khqr@wing01090001342930207WINGPAY5204599953031165802KH5919PMOTEST HAI CAR SOP6010Phnom Penh624401062571730211855959890720715FCCMPY00035927863047A8A | R31: Loyalty - (MDR: 0% + Standard_low: 0%) | S31: USD | V31: ='Wing Bank App'!Z34 -> Passed
A32: 31 | B32: TCRT-0031 | D32: QR Pay | E32: Perform from FC KHR to merchant PSP USD(no point) via scan KHQR of wingpay (cross currency) | F32: Normal | G32: Perform from FC KHR to merchant PSP USD(no point) via scan KHQR of wingpay (cross currency) | H32: FC | I32: ='Wing Bank App'!I35 -> 103634567 | J32: High Yield Saving - Standard | K32: KHR | M32: 0 | N32: 0 | O32: ='Wing Bank App'!O35 -> 30 | P32: Merchant App PSP | Q32: ='Wing Bank App'!Q35 -> 00020101021130510014wing_khqr@wing01065331350207WINGPAY0308MERCHANT5204721153038405802KH5923PMOTest Youhai Ren Shop6010Phnom Penh6105120006304B296 | R32: Retail - Bill Pay Corp I (Fee Free) | S32: USD | V32: ='Wing Bank App'!Z35 -> Passed
A33: 32 | B33: TCRT-0032 | D33: QR Pay | E33: Perform from FC USD to merchant corp1 FC KHR(have point) via scan KHQR of wingpay (cross currency) | F33: Normal | G33: Perform from FC USD to merchant corp1 FC KHR(have point) via scan KHQR of wingpay (cross currency) | H33: FC | I33: ='Wing Bank App'!I36 -> 103634533 | J33: High Yield Saving - Standard | K33: USD | M33: 3000 | N33: 0 | O33: ='Wing Bank App'!O36 -> 120000 | P33: Merchant App FC | Q33: ='Wing Bank App'!Q36 -> 00020101021130420014wing_khqr@wing01090001342930207WINGPAY5204599953031165802KH5919PMOTEST HAI CAR SOP6010Phnom Penh624401062571730211855959890720715FCCMPY00035927863047A8A | R33: Loyalty - Corp 1 (MDR: 0% + Bronze: 2.5%) | S33: KHR | V33: ='Wing Bank App'!Z36 -> Passed
... A44: 43 | B44: TCRT-0043 | D44: Billpay to Bakong Wallet | E44: Perform Transaction Billpay to Bakong Wallet | F44: Normal | G44: From PSP KHR- Bakong Wallet USD | H44: FC | I44: ='Wing Bank App'!I47 -> 103634567 | J44: High Yield Saving - Standard | K44: KHR | M44: 0 | N44: 0 | O44: ='Wing Bank App'!O47 -> 30 | P44: Bakong wallet | Q44: ='Wing Bank App'!Q47 -> 086938457 | R44: Bakong wallet | S44: USD | V44: ='Wing Bank App'!Z47 -> Passed
A45: 44 | B45: TCRT-0044 | D45: Billpay to PPSHV | E45: Perform Transaction Billpay to PPSHV | F45: Normal | G45: Perform Transaction Billpay to PPSHV from FC USD | H45: FC | I45: ='Wing Bank App'!I48 -> 103634533 | J45: High Yield Saving - Standard | K45: USD | L45: ='Wing Bank App'!L48 -> 1 | M45: 0 | N45: 0 | O45: ='Wing Bank App'!O48 -> 0 | P45: PPSHV | Q45: ='Wing Bank App'!Q48 -> 2CI-8210 | R45: Penh | S45: USD | V45: ='Wing Bank App'!Z48 -> Passed
A46: 45 | B46: TCRT-0045 | D46: Billpay to PPSHV | E46: Perform Transaction Billpay to PPSHV | F46: Normal | G46: Perform Transaction Billpay to PPSHV from PSP USD | H46: PSP | I46: ='Wing Bank App'!I49 -> 07782087 | J46: Customer - Current Account Personal - Standard | K46: USD | L46: ='Wing Bank App'!L49 -> 1 | M46: 0 | N46: 0 | O46: ='Wing Bank App'!O49 -> 0 | P46: PPSHV | Q46: ='Wing Bank App'!Q49 -> 2CI-8210 | R46: Penh | S46: USD | V46: ='Wing Bank App'!Z49 -> Passed
A47: 46 | B47: TCRT-0046 | D47: Cash Out(Scan) | E47: Perform from PSP USD wingbank app to scan KhQR of wcx-POS KHR (no cross currency, amount input based on the sender account currency, and receiver account currency based on sender account currency) | F47: Normal | G47: Perform from PSP USD wingbank app to scan KhQR of wcx-POS KHR (no cross currency, amount input based on the sender account currency, and receiver account currency based on sender account currency) | H47: PSP | I47: ='Wing Bank App'!I50 -> 07782087 | J47: Customer - Current Account Personal - Standard | K47: USD | M47: Free | N47: 0.15 | O47: ='Wing Bank App'!O50 -> 5 | P47: WCX PSP (Agent) | Q47: ='Wing Bank App'!Q50 -> 00751774 | R47: Cash XPress - Standard | S47: USD | V47: ='Wing Bank App'!Z50 -> Passed
A48: 47 | B48: TCRT-0047 | D48: Cash Out(Scan) | E48: Perform from FC KHR wingbank app to scan KHQR of wcx-POS USD (no cross currency, amount input based on the sender account currency, and receiver account currency based on sender account currency) | F48: Normal | G48: Perform from FC KHR wingbank app to scan KHQR of wcx-POS USD (no cross currency, amount input based on the sender account currency, and receiver account currency based on sender account currency) | H48: FC | I48: ='Wing Bank App'!I51 -> 103634567 | J48: High Yield Saving - Standard | K48: KHR | M48: Free | N48: 600 | O48: ='Wing Bank App'!O51 -> 20000 | P48: WCX PSP (Agent) | Q48: ='Wing Bank App'!Q51 -> 00751770 | R48: Cash XPress - Standard | S48: KHR | V48: ='Wing Bank App'!Z51 -> Passed
A49: 48 | B49: TCRT-0048 | D49: Own Account Transfer | E49: Perform from FC USD to PSP KHR (cross currency) | F49: Normal | G49: Perform from FC USD to PSP KHR (cross currency) | H49: FC | I49: ='Wing Bank App'!I52 -> 103634533 | J49: High Yield Saving - Standard | K49: USD | L49: ='Wing Bank App'!L52 -> 30 | M49: 0 | N49: 0 | P49: PSP | Q49: ='Wing Bank App'!Q52 -> 07782083 | R49: Customer - Current Account Personal - Standard | S49: KHR | V49: ='Wing Bank App'!Z52 -> Passed
A50: 49 | B50: TCRT-0049 | D50: Own Account Transfer | E50: Perform from PSP KHR to FC USD (cross currency) | F50: Normal | G50: Perform from PSP KHR to FC USD (cross currency) | H50: PSP | I50: ='Wing Bank App'!I53 -> 07782083 | J50: Customer - Current Account Personal - Standard | K50: KHR | L50: ='Wing Bank App'!L53 -> 120000 | M50: 0 | N50: 0 | P50: FC | Q50: ='Wing Bank App'!Q53 -> 103634533 | R50: High Yield Saving - Standard | S50: USD | V50: ='Wing Bank App'!Z53 -> Passed
A51: 50 | B51: TCRT-0050 | D51: Wing To World | E51: International Remittance - Cash Pickup sacom VND | F51: Normal | G51: Perform International Remittance - Cash Pickup from FC USD | H51: FC | I51: ='Wing Bank App'!I54 -> 103634533 | J51: High Yield Saving - Standard | K51: USD | M51: $4.00 | N51: 0 | O51: ='Wing Bank App'!O54 -> 0 | P51: N/A | Q51: ='Wing Bank App'!Q54 -> N/A | R51: N/A | S51: VND | V51: ='Wing Bank App'!Z54 -> Failed
A52: 51 | B52: TCRT-0051 | D52: Wing To World | E52: International Remittance - Cash Pickup sacom VND | F52: Normal | G52: Perform International Remittance - Cash Pickup from PSP USD | H52: PSP | I52: ='Wing Bank App'!I55 -> 07782087 | J52: Customer - Current Account Personal - Standard | K52: USD | M52: $4.00 | N52: 0 | O52: ='Wing Bank App'!O55 -> 0 | P52: N/A | Q52: ='Wing Bank App'!Q55 -> N/A | R52: N/A | S52: VND | V52: ='Wing Bank App'!Z55 -> Failed
A53: 52 | B53: TCRT-0052 | D53: Transfer to Local Bank via Bakong | E53: Perform Transaction Transfer to Local Bank via Bakong | F53: Normal | G53: Transfer to Local Bank via Bakong From FC USD-Other Bank KHR | H53: FC | I53: ='Wing Bank App'!I56 -> 103634533 | J53: High Yield Saving - Standard | K53: USD | M53: - ៛2,600 | N53: 0 | O53: ='Wing Bank App'!O56 -> 120000 | P53: ABA Bank | Q53: ='Wing Bank App'!Q56 -> 600901105 | R53: ABA Saving Account | S53: KHR | V53: ='Wing Bank App'!Z56 -> Passed
A54: 53 | B54: TCRT-0053 | D54: Transfer to Local Bank via Bakong | E54: Perform Transaction Transfer to Local Bank via Bakong | F54: Normal | G54: Transfer to Local Bank via Bakong From FC KHR-Other Bank USD | H54: FC | I54: ='Wing Bank App'!I57 -> 103634567 | J54: High Yield Saving - Standard | K54: KHR | M54: - $0.65 | N54: 0 | O54: ='Wing Bank App'!O57 -> 30 | P54: ABA Bank | Q54: ='Wing Bank App'!Q57 -> 004426857 | R54: ABA Saving Account | S54: USD | V54: ='Wing Bank App'!Z57 -> Passed
A55: 54 | B55: TCRT-0054 | D55: Transfer to Local Bank via Bakong | E55: Perform Transaction Transfer to Local Bank via Bakong | F55: Normal | G55: Transfer to Local Bank via Bakong From PSP KHR-Other Bank USD | H55: PSP | I55: ='Wing Bank App'!I58 -> 07782083 | J55: Customer - Current Account Personal - Standard | K55: KHR | M55: - $0.65 | N55: 0 | O55: ='Wing Bank App'!O58 -> 30 | P55: ABA Bank | Q55: ='Wing Bank App'!Q58 -> 004426857 | R55: ABA Saving Account | S55: USD | V55: ='Wing Bank App'!Z58 -> Passed
A56: 55 | B56: TCRT-0055 | D56: Transfer to Local Bank via Bakong | E56: Perform Transaction Transfer to Local Bank via Bakong | F56: Normal | G56: Transfer to Local Bank via Bakong From PSP USD-Other Bank KHR | H56: PSP | I56: ='Wing Bank App'!I59 -> 07782087 | J56: Customer - Current Account Personal - Standard | K56: USD | M56: - ៛2,600 | N56: 0 | O56: ='Wing Bank App'!O59 -> 120000 | P56: ABA Bank | Q56: ='Wing Bank App'!Q59 -> 600901105 | R56: ABA Saving Account | S56: KHR | V56: ='Wing Bank App'!Z59 -> Passed
A57: 56 | B57: TCRT-0056 | D57: Wing To Other Banks NCS | E57: Perform Transaction Wing To Other Banks NCS | F57: Normal | G57: From FC USD - Other Bank | H57: FC | I57: ='Wing Bank App'!I60 -> 103634533 | J57: High Yield Saving - Standard | K57: USD | L57: ='Wing Bank App'!L60 -> 2 | M57: Free | N57: 0 | P57: Advanced Bank of Asia Ltd | Q57: ='Wing Bank App'!Q60 -> 004426857 | R57: Mony Rorn | S57: USD | V57: ='Wing Bank App'!Z60 -> Passed
A58: 57 | B58: TCRT-0057 | D58: Wing To Other Banks NCS | E58: Perform Transaction Wing To Other Banks NCS | F58: Normal | G58: From FC KHR- Other Bank | H58: FC | I58: ='Wing Bank App'!I61 -> 103634567 | J58: High Yield Saving - Standard | K58: KHR | L58: ='Wing Bank App'!L61 -> 8000 | M58: Free | N58: 0 | P58: Advanced Bank of Asia Ltd | Q58: ='Wing Bank App'!Q61 -> 600901105 | R58: Mony Rorn | S58: KHR | V58: ='Wing Bank App'!Z61 -> Passed
A59: 58 | B59: TCRT-0058 | D59: Fund Transfer - Bakong Wallet | E59: Perform Transaction Fund Transfer - Bakong Wallet | F59: Normal | G59: From FC USD - Bakong Wallet KHR | H59: FC | I59: ='Wing Bank App'!I62 -> 103634533 | J59: High Yield Saving - Standard | K59: USD | M59: - ៛2,600 | N59: 0 | O59: ='Wing Bank App'!O62 -> 120000 | P59: Bakong KHR | Q59: ='Wing Bank App'!Q62 -> 086938457 | R59: Bakong KHR | S59: KHR | V59: ='Wing Bank App'!Z62 -> Passed
A60: 59 | B60: TCRT-0059 | D60: Fund Transfer - Bakong Wallet | E60: Perform Transaction Fund Transfer - Bakong Wallet | F60: Normal | G60: From FC KHR- Bakong Wallet KHR | H60: FC | I60: ='Wing Bank App'!I63 -> 103634567 | J60: High Yield Saving - Standard | K60: KHR | M60: - ៛1,200 | N60: 0 | O60: ='Wing Bank App'!O63 -> 4000 | P60: Bakong KHR | Q60: ='Wing Bank App'!Q63 -> 086938457 | R60: Bakong KHR | S60: KHR | V60: ='Wing Bank App'!Z63 -> Passed
A61: 60 | B61: TCRT-0060 | D61: Fund Transfer - Bakong Wallet | E61: Perform Transaction Fund Transfer - Bakong Wallet | F61: Normal | G61: From PSP USD - Bakong Wallet USD | H61: PSP | I61: ='Wing Bank App'!I64 -> 07782087 | J61: Customer - Current Account Personal - Standard | K61: USD | M61: - $0.30 | N61: 0 | O61: ='Wing Bank App'!O64 -> 1 | P61: Bakong USD | Q61: ='Wing Bank App'!Q64 -> 086938457 | R61: Bakong USD | S61: USD | V61: ='Wing Bank App'!Z64 -> Passed
A62: 61 | B62: TCRT-0061 | D62: Fund Transfer - Bakong Wallet | E62: Perform Transaction Fund Transfer - Bakong Wallet | F62: Normal | G62: From PSP KHR - Bakong Wallet USD | H62: PSP | I62: ='Wing Bank App'!I65 -> 07782083 | J62: Customer - Current Account Personal - Standard | K62: KHR | M62: - $0.65 | N62: 0 | O62: ='Wing Bank App'!O65 -> 30 | P62: Bakong USD | Q62: ='Wing Bank App'!Q65 -> 086938457 | R62: Bakong USD | S62: USD | V62: ='Wing Bank App'!Z65 -> Passed
A63: 62 | B63: TCRT-0062 | D63: Transfer Direct To Other Bank (ABA) | E63: Perform Transaction Billpay Other Bank ABA | F63: Normal | G63: From FC USD - ABA KHR | H63: FC | I63: ='Wing Bank App'!I66 -> 103634533 | J63: High Yield Saving - Standard | K63: USD | M63: ៛2,600 | N63: 0 | O63: ='Wing Bank App'!O66 -> 120000 | P63: ABA | Q63: ='Wing Bank App'!Q66 -> 600901105 | R63: ABA | S63: KHR | V63: ='Wing Bank App'!Z66 -> Passed
A64: 63 | B64: TCRT-0063 | D64: Transfer Direct To Other Bank (ABA) | E64: Perform Transaction Billpay Other Bank ABA | F64: Normal | G64: From FC KHR- ABA KHR | H64: FC | I64: ='Wing Bank App'!I67 -> 103634567 | J64: High Yield Saving - Standard | K64: KHR | M64: ៛2,600 | N64: 0 | O64: ='Wing Bank App'!O67 -> 8000 | P64: ABA | Q64: ='Wing Bank App'!Q67 -> 600901105 | R64: ABA | S64: KHR | V64: ='Wing Bank App'!Z67 -> Passed
A65: 64 | B65: TCRT-0064 | D65: Transfer Direct To Other Bank (ABA) | E65: Perform Transaction Billpay Other Bank ABA | F65: Normal | G65: From PSP USD -ABA USD | H65: PSP | I65: ='Wing Bank App'!I68 -> 07782087 | J65: Customer - Current Account Personal - Standard | K65: USD | M65: $0.65 | N65: 0 | O65: ='Wing Bank App'!O68 -> 2 | P65: ABA | Q65: ='Wing Bank App'!Q68 -> 004426857 | R65: ABA | S65: USD | V65: ='Wing Bank App'!Z68 -> Passed
A66: 65 | B66: TCRT-0065 | D66: Transfer Direct To Other Bank (ABA) | E66: Perform Transaction Billpay Other Bank ABA | F66: Normal | G66: From PSP KHR - ABA USD | H66: PSP | I66: ='Wing Bank App'!I69 -> 07782083 | J66: Customer - Current Account Personal - Standard | K66: KHR | M66: $0.65 | N66: 0 | O66: ='Wing Bank App'!O69 -> 30 | P66: ABA | Q66: ='Wing Bank App'!Q69 -> 004426857 | R66: ABA | S66: USD | V66: ='Wing Bank App'!Z69 -> Not Executed
A67: 66 | B67: TCRT-0066 | D67: Cashout - Input Manual | E67: Perform Transaction QR Payment - Input Manual | F67: Normal | G67: Cashout Input Manual From FC USD - With Merchant ID USD | H67: FC | I67: ='Wing Bank App'!I70 -> 103634533 | J67: High Yield Saving - Standard | K67: USD | M67: 0.03 | N67: 0 | O67: ='Wing Bank App'!O70 -> 5 | P67: Merchant App FC | Q67: ='Wing Bank App'!Q70 -> 533129 | R67: High Yield Saving - Business Gold | S67: USD | V67: ='Wing Bank App'!Z70 -> Not Executed
A68: 67 | B68: TCRT-0067 | D68: Cashout - Input Manual | E68: Perform Transaction QR Payment - Input Manual | F68: Normal | G68: Cashout Input Manual From FC KHR - With Merchant ID KHR | H68: FC | I68: ='Wing Bank App'!I71 -> 103634567 | J68: High Yield Saving - Standard | K68: KHR | M68: 0.04 | N68: 0 | O68: ='Wing Bank App'!O71 -> 20000 | P68: Merchant App FC | Q68: ='Wing Bank App'!Q71 -> 533130 | R68: High Yield Saving - Business Gold | S68: KHR | V68: ='Wing Bank App'!Z71 -> Not Executed
A69: 68 | B69: TCRT-0068 | D69: Cashout - Input Manual | E69: Perform Transaction QR Payment - Input Manual | F69: Normal | G69: Cashout Input Manual From PSP USD - With Merchant ID KHR | H69: PSP | I69: ='Wing Bank App'!I72 -> 07782087 | J69: Customer - Current Account Personal - Standard | K69: USD | M69: 0.22 | N69: 0 | O69: ='Wing Bank App'!O72 -> 120000 | P69: Merchant App FC | Q69: ='Wing Bank App'!Q72 -> 533130 | R69: High Yield Saving - Business Gold | S69: KHR | V69: ='Wing Bank App'!Z72 -> Not Executed
A70: 69 | B70: TCRT-0069 | D70: Cashout - Input Manual | E70: Perform Transaction QR Payment - Input Manual | F70: Normal | G70: Cashout Input Manual From PSP KHR - With Merchant ID USD | H70: PSP | I70: ='Wing Bank App'!I73 -> 07782083 | J70: Customer - Current Account Personal - Standard | K70: KHR | M70: 0.22 | N70: 0 | O70: ='Wing Bank App'!O73 -> 30 | P70: Merchant App FC | Q70: ='Wing Bank App'!Q73 -> 533129 | R70: High Yield Saving - Business Gold | S70: USD | V70: ='Wing Bank App'!Z73 -> Not Executed
... A74: 73 | B74: TCRT-0073 | D74: QR Payment KHQR Bakong Wallet | E74: Perform Transaction QR Payment KHQR Bakong Wallet | F74: Normal | G74: From PSP KHR - Bakong Wallet KHQR Static KHR | H74: PSP | I74: ='Wing Bank App'!I77 -> 07782083 | J74: Customer - Current Account Personal - Standard | K74: KHR | M74: 0 | N74: 0 | O74: ='Wing Bank App'!O77 -> 4000 | P74: Bakong wallet | Q74: ='Wing Bank App'!Q77 -> 00020101021115311974011600520446BONG1000231208129180014mony_rorn@bkrt5204599953031165802KH5909Mony Rorn6010Phnom Penh63042C01 | R74: Bakong Wallet (KHR) | S74: KHR | V74: ='Wing Bank App'!Z77 -> Not Executed

Sheet Wing Bank App
B1: Big Rate | C1: Small Rate | D1: Rate Date
A4: No | B4: TestID | C4: Channels | D4: Service_Name | E4: Scenarios | F4: Testcase_Type | G4: Test_Case_Description | H4: Sender_Account_Type | I4: Sender_Account | J4: Sender CoS/Account-Classs | K4: Account_Currency | L4: Amount | M4: Fee | N4: Commission | O4: Receiver Amount | P4: Reciever_Account_Type | Q4: Receiver_Account | R4: Receiver_Class_Of_Service | S4: Reciever_Currency | T4: Exchange Rate | U4: Rate Type | V4: TID | W4: Transaction Date | X4: Expected Result | Y4: Actual Result | Z4: Status | AA4: Testing Type | AB4: Tester | AC4: Hyper Link Reference | AD4: Remark | AE4: Finance Staus | AF4: Finance Comment
A5: 1 | B5: TCRT-0001 | C5: Wing Bank App | D5: Wing to Wing | E5: Perform from PSP KHR to FC USD | F5: Normal | G5: Perform from PSP KHR to FC USD | H5: PSP | I5: =IF(H5="PSP",IF(K5="KHR",'Config Data'!$D$13,'Config Data'!$D$14),IF(H5="FC",IF(K5="KHR",'Config Data'!$D$15,'Config Data'!$D$16))) -> 07782083 | J5: Customer - Current Account Personal - Standard | K5: KHR | L5: =IF(AND(K5="USD",S5="KHR"),30,IF(AND(K5="KHR",S5="USD"),120000,IF(AND(K5="USD",S5="USD"),1,IF(AND(K5="KHR",S5="KHR"),4000,IF(S5="KHR",'Config Data'!$D$21,IF(S5="USD",'Config Data'!$D$23,"")))))) -> 120000 | M5: 0 | N5: 0 | O5: 29.61 | P5: FC | Q5: =IF(P5="PSP",IF(S5="KHR",'Config Data'!$D$13,'Config Data'!$D$14),IF(P5="FC",IF(S5="KHR",'Config Data'!$D$15,'Config Data'!$D$16))) -> 103634533 | R5: High Yield Saving - Standard | S5: USD | T5: 4053 | U5: Big Rate | V5: EYB558038 | W5: 27-08-2026 | 01:49:18 AM | X5: 1-Transaction will be success 2-Amount deducted from the payer to the payee is correct 3-Exchange rate is correct | Y5: As Expected | Z5: Passed | AA5: Automation | AC5: =HYPERLINK("Screenshots/Wing To Wing/TCRT-0001","View Screenshots") -> View Screenshots
A6: 2 | B6: TCRT-0002 | E6: Perform from FC KHR to PSP USD | F6: Normal | G6: Perform from FC KHR to PSP USD | H6: FC | I6: =IF(H6="PSP",IF(K6="KHR",'Config Data'!$D$13,'Config Data'!$D$14),IF(H6="FC",IF(K6="KHR",'Config Data'!$D$15,'Config Data'!$D$16))) -> 103634567 | J6: High Yield Saving - Standard | K6: KHR | L6: =IF(AND(K6="USD",S6="KHR"),30,IF(AND(K6="KHR",S6="USD"),120000,IF(AND(K6="USD",S6="USD"),1,IF(AND(K6="KHR",S6="KHR"),4000,IF(S6="KHR",'Config Data'!$D$21,IF(S6="USD",'Config Data'!$D$23,"")))))) -> 120000 | M6: 0 | N6: 0 | O6: 29.60 | P6: PSP | Q6: =IF(P6="PSP",IF(S6="KHR",'Config Data'!$D$13,'Config Data'!$D$14),IF(P6="FC",IF(S6="KHR",'Config Data'!$D$15,'Config Data'!$D$16))) -> 07782087 | R6: Customer - Current Account Personal - Standard | S6: USD | T6: 4053 | U6: Big Rate | V6: 0002345262398049 | W6: 27-08-2026 | 01:49:51 AM | X6: 1-Transaction will be success 2-Amount deducted from the payer to the payee is correct 3-Exchange rate is correct | Y6: As Expected | Z6: Passed | AA6: Automation | AC6: =HYPERLINK("Screenshots/Wing To Wing/TCRT-0002","View Screenshots") -> View Screenshots
A7: 3 | B7: TCRT-0003 | E7: Perform from PSP USD to FC KHR | F7: Normal | G7: Perform from PSP USD to FC KHR | H7: PSP | I7: =IF(H7="PSP",IF(K7="KHR",'Config Data'!$D$13,'Config Data'!$D$14),IF(H7="FC",IF(K7="KHR",'Config Data'!$D$15,'Config Data'!$D$16))) -> 07782087 | J7: Customer - Current Account Personal - Standard | K7: USD | L7: =IF(AND(K7="USD",S7="KHR"),30,IF(AND(K7="KHR",S7="USD"),120000,IF(AND(K7="USD",S7="USD"),1,IF(AND(K7="KHR",S7="KHR"),4000,IF(S7="KHR",'Config Data'!$D$21,IF(S7="USD",'Config Data'!$D$23,"")))))) -> 30 | M7: 0 | N7: 0 | O7: 121350 | P7: FC | Q7: =IF(P7="PSP",IF(S7="KHR",'Config Data'!$D$13,'Config Data'!$D$14),IF(P7="FC",IF(S7="KHR",'Config Data'!$D$15,'Config Data'!$D$16))) -> 103634567 | R7: High Yield Saving - Standard | S7: KHR | T7: 4045 | U7: Small Rate | V7: EYB558066 | W7: 27-08-2026 | 01:50:25 AM | X7: 1-Transaction will be success 2-Amount deducted from the payer to the payee is correct 3-Exchange rate is correct | Y7: As Expected | Z7: Passed | AA7: Automation | AC7: =HYPERLINK("Screenshots/Wing To Wing/TCRT-0003","View Screenshots") -> View Screenshots
A8: 4 | B8: TCRT-0004 | E8: Perform from FC USD to PSP KHR | F8: Normal | G8: Perform from FC USD to PSP KHR | H8: FC | I8: =IF(H8="PSP",IF(K8="KHR",'Config Data'!$D$13,'Config Data'!$D$14),IF(H8="FC",IF(K8="KHR",'Config Data'!$D$15,'Config Data'!$D$16))) -> 103634533 | J8: High Yield Saving - Standard | K8: USD | L8: =IF(AND(K8="USD",S8="KHR"),30,IF(AND(K8="KHR",S8="USD"),120000,IF(AND(K8="USD",S8="USD"),1,IF(AND(K8="KHR",S8="KHR"),4000,IF(S8="KHR",'Config Data'!$D$21,IF(S8="USD",'Config Data'!$D$23,"")))))) -> 30 | M8: 0 | N8: 0 | O8: 121350 | P8: PSP | Q8: =IF(P8="PSP",IF(S8="KHR",'Config Data'!$D$13,'Config Data'!$D$14),IF(P8="FC",IF(S8="KHR",'Config Data'!$D$15,'Config Data'!$D$16))) -> 07782083 | R8: Customer - Current Account Personal - Standard | S8: KHR | T8: 4045 | U8: Small Rate | V8: 0002345262398163 | W8: 27-08-2026 | 01:50:52 AM | X8: 1-Transaction will be success 2-Amount deducted from the payer to the payee is correct 3-Exchange rate is correct | Y8: As Expected | Z8: Passed | AA8: Automation | AC8: =HYPERLINK("Screenshots/Wing To Wing/TCRT-0004","View Screenshots") -> View Screenshots
A9: 5 | B9: TCRT-0005 | E9: Perform from PSP KHR to PSP USD | F9: Normal | G9: Perform from PSP KHR to PSP USD | H9: PSP | I9: =IF(H9="PSP",IF(K9="KHR",'Config Data'!$D$13,'Config Data'!$D$14),IF(H9="FC",IF(K9="KHR",'Config Data'!$D$15,'Config Data'!$D$16))) -> 07782083 | J9: Customer - Current Account Personal - Standard | K9: KHR | L9: =IF(AND(K9="USD",S9="KHR"),30,IF(AND(K9="KHR",S9="USD"),120000,IF(AND(K9="USD",S9="USD"),1,IF(AND(K9="KHR",S9="KHR"),4000,IF(S9="KHR",'Config Data'!$D$21,IF(S9="USD",'Config Data'!$D$23,"")))))) -> 120000 | M9: 0 | N9: 0 | O9: 29.60 | P9: PSP | Q9: =IF(P9="PSP",IF(S9="KHR",'Config Data'!$D$13,'Config Data'!$D$14),IF(P9="FC",IF(S9="KHR",'Config Data'!$D$15,'Config Data'!$D$16))) -> 07782087 | R9: Customer - Current Account Personal - Standard | S9: USD | T9: 4053 | U9: Big Rate | V9: EYB558094 | W9: 27-08-2026 | 01:51:20 AM | X9: 1-Transaction will be success 2-Amount deducted from the payer to the payee is correct 3-Exchange rate is correct | Y9: As Expected | Z9: Passed | AA9: Automation | AC9: =HYPERLINK("Screenshots/Wing To Wing/TCRT-0005","View Screenshots") -> View Screenshots
A10: 6 | B10: TCRT-0006 | E10: Perform from FC KHR to FC USD | F10: Normal | G10: Perform from FC KHR to FC USD | H10: FC | I10: =IF(H10="PSP",IF(K10="KHR",'Config Data'!$D$13,'Config Data'!$D$14),IF(H10="FC",IF(K10="KHR",'Config Data'!$D$15,'Config Data'!$D$16))) -> 103634567 | J10: High Yield Saving - Standard | K10: KHR | L10: =IF(AND(K10="USD",S10="KHR"),30,IF(AND(K10="KHR",S10="USD"),120000,IF(AND(K10="USD",S10="USD"),1,IF(AND(K10="KHR",S10="KHR"),4000,IF(S10="KHR",'Config Data'!$D$21,IF(S10="USD",'Config Data'!$D$23,"")))))) -> 120000 | M10: 0 | N10: 0 | O10: 29.61 | P10: FC | Q10: =IF(P10="PSP",IF(S10="KHR",'Config Data'!$D$13,'Config Data'!$D$14),IF(P10="FC",IF(S10="KHR",'Config Data'!$D$15,'Config Data'!$D$16))) -> 103634533 | R10: High Yield Saving - Standard | S10: USD | T10: 4053 | U10: Big Rate | V10: 0002345262398263 | W10: 27-08-2026 | 01:51:50 AM | X10: 1-Transaction will be success 2-Amount deducted from the payer to the payee is correct 3-Exchange rate is correct | Y10: As Expected | Z10: Passed | AA10: Automation | AC10: =HYPERLINK("Screenshots/Wing To Wing/TCRT-0006","View Screenshots") -> View Screenshots
A11: 7 | B11: TCRT-0007 | E11: Perform from PSP USD to PSP KHR | F11: Normal | G11: Perform from PSP USD to PSP KHR | H11: PSP | I11: =IF(H11="PSP",IF(K11="KHR",'Config Data'!$D$13,'Config Data'!$D$14),IF(H11="FC",IF(K11="KHR",'Config Data'!$D$15,'Config Data'!$D$16))) -> 07782087 | J11: Customer - Current Account Personal - Standard | K11: USD | L11: =IF(AND(K11="USD",S11="KHR"),30,IF(AND(K11="KHR",S11="USD"),120000,IF(AND(K11="USD",S11="USD"),1,IF(AND(K11="KHR",S11="KHR"),4000,IF(S11="KHR",'Config Data'!$D$21,IF(S11="USD",'Config Data'!$D$23,"")))))) -> 30 | M11: 0 | N11: 0 | O11: 121350 | P11: PSP | Q11: =IF(P11="PSP",IF(S11="KHR",'Config Data'!$D$13,'Config Data'!$D$14),IF(P11="FC",IF(S11="KHR",'Config Data'!$D$15,'Config Data'!$D$16))) -> 07782083 | R11: Customer - Current Account Personal - Standard | S11: KHR | T11: 4045 | U11: Small Rate | V11: EYB558119 | W11: 27-08-2026 | 01:52:18 AM | X11: 1-Transaction will be success 2-Amount deducted from the payer to the payee is correct 3-Exchange rate is correct | Y11: As Expected | Z11: Passed | AA11: Automation | AC11: =HYPERLINK("Screenshots/Wing To Wing/TCRT-0007","View Screenshots") -> View Screenshots
A12: 8 | B12: TCRT-0008 | E12: Perform from FC USD to FC KHR | F12: Normal | G12: Perform from FC USD to FC KHR | H12: FC | I12: =IF(H12="PSP",IF(K12="KHR",'Config Data'!$D$13,'Config Data'!$D$14),IF(H12="FC",IF(K12="KHR",'Config Data'!$D$15,'Config Data'!$D$16))) -> 103634533 | J12: Customer - Current Account Personal - Standard | K12: USD | L12: =IF(AND(K12="USD",S12="KHR"),30,IF(AND(K12="KHR",S12="USD"),120000,IF(AND(K12="USD",S12="USD"),1,IF(AND(K12="KHR",S12="KHR"),4000,IF(S12="KHR",'Config Data'!$D$21,IF(S12="USD",'Config Data'!$D$23,"")))))) -> 30 | M12: 0 | N12: 0 | O12: 121350 | P12: FC | Q12: =IF(P12="PSP",IF(S12="KHR",'Config Data'!$D$13,'Config Data'!$D$14),IF(P12="FC",IF(S12="KHR",'Config Data'!$D$15,'Config Data'!$D$16))) -> 103634567 | R12: High Yield Saving - Standard | S12: KHR | T12: 4045 | U12: Small Rate | V12: 0002345262398360 | W12: 27-08-2026 | 01:52:45 AM | X12: 1-Transaction will be success 2-Amount deducted from the payer to the payee is correct 3-Exchange rate is correct | Y12: As Expected | Z12: Passed | AA12: Automation | AC12: =HYPERLINK("Screenshots/Wing To Wing/TCRT-0008","View Screenshots") -> View Screenshots
A13: 9 | B13: TCRT-0009 | E13: Perform from PSP USD to FC USD | F13: Normal | G13: Perform from PSP USD to FC USD | H13: PSP | I13: =IF(H13="PSP",IF(K13="KHR",'Config Data'!$D$13,'Config Data'!$D$14),IF(H13="FC",IF(K13="KHR",'Config Data'!$D$15,'Config Data'!$D$16))) -> 07782087 | J13: High Yield Saving - Standard | K13: USD | L13: =IF(AND(K13="USD",S13="KHR"),30,IF(AND(K13="KHR",S13="USD"),120000,IF(AND(K13="USD",S13="USD"),1,IF(AND(K13="KHR",S13="KHR"),4000,IF(S13="KHR",'Config Data'!$D$21,IF(S13="USD",'Config Data'!$D$23,"")))))) -> 1 | M13: 0 | N13: 0 | O13: 1.00 | P13: FC | Q13: =IF(P13="PSP",IF(S13="KHR",'Config Data'!$D$13,'Config Data'!$D$14),IF(P13="FC",IF(S13="KHR",'Config Data'!$D$15,'Config Data'!$D$16))) -> 103634533 | R13: High Yield Saving - Standard | S13: USD | U13: N/A | V13: EYB558145 | W13: 27-08-2026 | 01:53:19 AM | X13: 1-Transaction will be success 2-Amount deducted from the payer to the payee is correct 3-Exchange rate is correct | Y13: As Expected | Z13: Passed | AA13: Automation | AC13: =HYPERLINK("Screenshots/Wing To Wing/TCRT-0009","View Screenshots") -> View Screenshots
A14: 10 | B14: TCRT-0010 | E14: Perform from PSP KHR to FC KHR | F14: Normal | G14: Perform from PSP KHR to FC KHR | H14: PSP | I14: =IF(H14="PSP",IF(K14="KHR",'Config Data'!$D$13,'Config Data'!$D$14),IF(H14="FC",IF(K14="KHR",'Config Data'!$D$15,'Config Data'!$D$16))) -> 07782083 | J14: Customer - Current Account Personal - Standard | K14: KHR | L14: =IF(AND(K14="USD",S14="KHR"),30,IF(AND(K14="KHR",S14="USD"),120000,IF(AND(K14="USD",S14="USD"),1,IF(AND(K14="KHR",S14="KHR"),4000,IF(S14="KHR",'Config Data'!$D$21,IF(S14="USD",'Config Data'!$D$23,"")))))) -> 4000 | M14: 0 | N14: 0 | O14: 4000 | P14: FC | Q14: =IF(P14="PSP",IF(S14="KHR",'Config Data'!$D$13,'Config Data'!$D$14),IF(P14="FC",IF(S14="KHR",'Config Data'!$D$15,'Config Data'!$D$16))) -> 103634567 | R14: High Yield Saving - Standard | S14: KHR | U14: N/A | V14: EYB558157 | W14: 27-08-2026 | 01:53:46 AM | X14: 1-Transaction will be success 2-Amount deducted from the payer to the payee is correct 3-Exchange rate is correct | Y14: As Expected | Z14: Passed | AA14: Automation | AC14: =HYPERLINK("Screenshots/Wing To Wing/TCRT-0010","View Screenshots") -> View Screenshots
A15: 11 | B15: TCRT-0011 | E15: Perform from FC USD to PSP USD | F15: Normal | G15: Perform from FC USD to PSP USD | H15: FC | I15: =IF(H15="PSP",IF(K15="KHR",'Config Data'!$D$13,'Config Data'!$D$14),IF(H15="FC",IF(K15="KHR",'Config Data'!$D$15,'Config Data'!$D$16))) -> 103634533 | J15: High Yield Saving - Standard | K15: USD | L15: =IF(AND(K15="USD",S15="KHR"),30,IF(AND(K15="KHR",S15="USD"),120000,IF(AND(K15="USD",S15="USD"),1,IF(AND(K15="KHR",S15="KHR"),4000,IF(S15="KHR",'Config Data'!$D$21,IF(S15="USD",'Config Data'!$D$23,"")))))) -> 1 | M15: 0 | N15: 0 | O15: 1.00 | P15: PSP | Q15: =IF(P15="PSP",IF(S15="KHR",'Config Data'!$D$13,'Config Data'!$D$14),IF(P15="FC",IF(S15="KHR",'Config Data'!$D$15,'Config Data'!$D$16))) -> 07782087 | R15: Customer - Current Account Personal - Standard | S15: USD | U15: N/A | V15: 0002345262398529 | W15: 27-08-2026 | 01:54:13 AM | X15: 1-Transaction will be success 2-Amount deducted from the payer to the payee is correct 3-Exchange rate is correct | Y15: As Expected | Z15: Passed | AA15: Automation | AC15: =HYPERLINK("Screenshots/Wing To Wing/TCRT-0011","View Screenshots") -> View Screenshots
A16: 12 | B16: TCRT-0012 | E16: Perform from FC KHR to PSP KHR | F16: Normal | G16: Perform from FC KHR to PSP KHR | H16: FC | I16: =IF(H16="PSP",IF(K16="KHR",'Config Data'!$D$13,'Config Data'!$D$14),IF(H16="FC",IF(K16="KHR",'Config Data'!$D$15,'Config Data'!$D$16))) -> 103634567 | J16: High Yield Saving - Standard | K16: KHR | L16: =IF(AND(K16="USD",S16="KHR"),30,IF(AND(K16="KHR",S16="USD"),120000,IF(AND(K16="USD",S16="USD"),1,IF(AND(K16="KHR",S16="KHR"),4000,IF(S16="KHR",'Config Data'!$D$21,IF(S16="USD",'Config Data'!$D$23,"")))))) -> 4000 | M16: 0 | N16: 0 | O16: 4000 | P16: PSP | Q16: =IF(P16="PSP",IF(S16="KHR",'Config Data'!$D$13,'Config Data'!$D$14),IF(P16="FC",IF(S16="KHR",'Config Data'!$D$15,'Config Data'!$D$16))) -> 07782083 | R16: Customer - Current Account Personal - Standard | S16: KHR | U16: N/A | V16: 0002345262398579 | W16: 27-08-2026 | 01:54:40 AM | X16: 1-Transaction will be success 2-Amount deducted from the payer to the payee is correct 3-Exchange rate is correct | Y16: As Expected | Z16: Passed | AA16: Automation | AC16: =HYPERLINK("Screenshots/Wing To Wing/TCRT-0012","View Screenshots") -> View Screenshots
A17: 13 | B17: TCRT-0013 | D17: Wing Wei Luy | E17: Perform from PSP USD to Phone Number | F17: Normal | G17: Perform from PSP USD to Phone Number | H17: PSP | I17: =IF(H17="PSP",IF(K17="KHR",'Config Data'!$D$13,'Config Data'!$D$14),IF(H17="FC",IF(K17="KHR",'Config Data'!$D$15,'Config Data'!$D$16))) -> 07782087 | J17: Customer - Current Account Personal - Standard | K17: USD | L17: =IF(K17="KHR",'Config Data'!$D$21,IF(K17="USD",'Config Data'!$D$23,"")) -> 30 | M17: 0.75 | N17: 0 | O17: 30.00 | P17: Phone Number | Q17: ='Config Data'!D$17 -> 077989682 | R17: N/A | S17: N/A | U17: N/A | V17: AYZ539464 | W17: 27-08-2026 | 01:55:09 AM | X17: 1-Transaction will be success 2-Amount deducted from the payer to the payee is correct 3-Exchange rate is correct | Y17: As Expected | Z17: Passed | AA17: Automation | AC17: =HYPERLINK("Screenshots/Wing Wei Luy/TCRT-0013","View Screenshots") -> View Screenshots | AD17: 70438333
A18: 14 | B18: TCRT-0014 | E18: Perfrom from FC KHR to Phone Number | F18: Normal | G18: Perfrom from FC KHR to Phone Number | H18: FC | I18: =IF(H18="PSP",IF(K18="KHR",'Config Data'!$D$13,'Config Data'!$D$14),IF(H18="FC",IF(K18="KHR",'Config Data'!$D$15,'Config Data'!$D$16))) -> 103634567 | J18: High Yield Saving - Standard | K18: KHR | L18: =IF(K18="KHR",'Config Data'!$D$21,IF(K18="USD",'Config Data'!$D$23,"")) -> 120000 | M18: 3000 | N18: 0 | O18: 120000 | P18: Phone Number | Q18: ='Config Data'!D$17 -> 077989682 | R18: N/A | S18: N/A | U18: N/A | V18: 0002343262390011 | W18: 27-08-2026 | 01:55:38 AM | X18: 1-Transaction will be success 2-Amount deducted from the payer to the payee is correct 3-Exchange rate is correct | Y18: As Expected | Z18: Passed | AA18: Automation | AC18: =HYPERLINK("Screenshots/Wing Wei Luy/TCRT-0014","View Screenshots") -> View Screenshots | AD18: 35399830
A19: 15 | B19: TCRT-0015 | E19: Perfrom from FC USD to Phone Number | F19: Normal | G19: Perfrom from FC USD to Phone Number | H19: FC | I19: =IF(H19="PSP",IF(K19="KHR",'Config Data'!$D$13,'Config Data'!$D$14),IF(H19="FC",IF(K19="KHR",'Config Data'!$D$15,'Config Data'!$D$16))) -> 103634533 | J19: High Yield Saving - Standard | K19: USD | L19: =IF(K19="KHR",'Config Data'!$D$21,IF(K19="USD",'Config Data'!$D$23,"")) -> 30 | M19: 0.75 | N19: 0 | O19: 30.00 | P19: Phone Number | Q19: ='Config Data'!D$17 -> 077989682 | R19: N/A | S19: N/A | U19: N/A | V19: 0002343262390012 | W19: 27-08-2026 | 01:56:05 AM | X19: 1-Transaction will be success 2-Amount deducted from the payer to the payee is correct 3-Exchange rate is correct | Y19: As Expected | Z19: Passed | AA19: Automation | AC19: =HYPERLINK("Screenshots/Wing Wei Luy/TCRT-0015","View Screenshots") -> View Screenshots | AD19: 14405939
A20: 16 | B20: TCRT-0016 | E20: Perfrom from PSP KHR to Phone Number | F20: Normal | G20: Perfrom from PSP KHR to Phone Number | H20: PSP | I20: =IF(H20="PSP",IF(K20="KHR",'Config Data'!$D$13,'Config Data'!$D$14),IF(H20="FC",IF(K20="KHR",'Config Data'!$D$15,'Config Data'!$D$16))) -> 07782083 | J20: High Yield Saving - Standard | K20: KHR | L20: =IF(K20="KHR",'Config Data'!$D$21,IF(K20="USD",'Config Data'!$D$23,"")) -> 120000 | M20: 3000 | N20: 0 | O20: 120000 | P20: Phone Number | Q20: ='Config Data'!D$17 -> 077989682 | R20: N/A | S20: N/A | U20: N/A | V20: AYZ539470 | W20: 27-08-2026 | 01:56:39 AM | X20: 1-Transaction will be success 2-Amount deducted from the payer to the payee is correct 3-Exchange rate is correct | Y20: As Expected | Z20: Passed | AA20: Automation | AC20: =HYPERLINK("Screenshots/Wing Wei Luy/TCRT-0016","View Screenshots") -> View Screenshots | AD20: 58243802
A21: 17 | B21: TCRT-0017 | D21: Code to Wing | E21: Perform code to non-Wing to FC KHR that performed wwl from PSP USD (cross currency) | F21: Normal | G21: Perform code to non-Wing to FC KHR that performed wwl from PSP USD (cross currency) | H21: PSP | I21: =IF(H21="PSP",IF(K21="KHR",'Config Data'!$D$13,'Config Data'!$D$14),IF(H21="FC",IF(K21="KHR",'Config Data'!$D$15,'Config Data'!$D$16))) -> 07782087 | J21: Customer - Current Account Personal - Standard | K21: USD | L21: =IF(K21="KHR",'Config Data'!$D$21,IF(K21="USD",'Config Data'!$D$23,"")) -> 30 | M21: 0 | N21: 0 | O21: 121350 | P21: FC | Q21: =IF(P21="PSP",IF(S21="KHR",'Config Data'!$D$13,'Config Data'!$D$14),IF(P21="FC",IF(S21="KHR",'Config Data'!$D$15,'Config Data'!$D$16))) -> 103634567 | R21: High Yield Saving - Standard | S21: KHR | U21: Small Rate | V21: GYQ687350 | W21: 27-08-2026 | 01:57:10 AM | X21: 1-Transaction will be success 2-Amount deducted from the payer to the payee is correct 3-Exchange rate is correct | Y21: As Expected | Z21: Passed | AA21: Automation | AC21: =HYPERLINK("Screenshots/Code to Wing/TCRT-0017","View Screenshots") -> View Screenshots
A22: 18 | B22: TCRT-0018 | E22: Perform code to non-Wing to PSP USD that performed wwl from FC KHR (cross currency) | F22: Normal | G22: Perform code to wing to PSP USD that performed wwl from FC KHR (cross currency) | H22: FC | I22: =IF(H22="PSP",IF(K22="KHR",'Config Data'!$D$13,'Config Data'!$D$14),IF(H22="FC",IF(K22="KHR",'Config Data'!$D$15,'Config Data'!$D$16))) -> 103634567 | J22: High Yield Saving - Standard | K22: KHR | L22: =IF(K22="KHR",'Config Data'!$D$21,IF(K22="USD",'Config Data'!$D$23,"")) -> 120000 | M22: 0 | N22: 0 | O22: 29.60 | P22: PSP | Q22: =IF(P22="PSP",IF(S22="KHR",'Config Data'!$D$13,'Config Data'!$D$14),IF(P22="FC",IF(S22="KHR",'Config Data'!$D$15,'Config Data'!$D$16))) -> 07782087 | R22: Customer - Current Account Personal - Standard | S22: USD | U22: Big Rate | V22: GYQ687352 | W22: 27-08-2026 | 01:57:39 AM | X22: 1-Transaction will be success 2-Amount deducted from the payer to the payee is correct 3-Exchange rate is correct | Y22: As Expected | Z22: Passed | AA22: Automation | AC22: =HYPERLINK("Screenshots/Code to Wing/TCRT-0018","View Screenshots") -> View Screenshots
A23: 19 | B23: TCRT-0019 | E23: Perform code to non-Wing to PSP KHR that performed wwl from FC USD (cross currency) | F23: Normal | G23: Perform code to wing to PSP KHR that performed wwl from FC USD (cross currency) | H23: FC | I23: =IF(H23="PSP",IF(K23="KHR",'Config Data'!$D$13,'Config Data'!$D$14),IF(H23="FC",IF(K23="KHR",'Config Data'!$D$15,'Config Data'!$D$16))) -> 103634533 | J23: High Yield Saving - Standard | K23: USD | L23: =IF(K23="KHR",'Config Data'!$D$21,IF(K23="USD",'Config Data'!$D$23,"")) -> 30 | M23: 0 | N23: 0 | O23: 121350 | P23: PSP | Q23: =IF(P23="PSP",IF(S23="KHR",'Config Data'!$D$13,'Config Data'!$D$14),IF(P23="FC",IF(S23="KHR",'Config Data'!$D$15,'Config Data'!$D$16))) -> 07782083 | R23: Customer - Current Account Personal - Standard | S23: KHR | U23: Small Rate | V23: GYQ687353 | W23: 27-08-2026 | 01:58:10 AM | X23: 1-Transaction will be success 2-Amount deducted from the payer to the payee is correct 3-Exchange rate is correct | Y23: As Expected | Z23: Passed | AA23: Automation | AC23: =HYPERLINK("Screenshots/Code to Wing/TCRT-0019","View Screenshots") -> View Screenshots
A24: 20 | B24: TCRT-0020 | E24: Perform code to non-Wing to FC USD that performed wwl from PSP KHR (cross currency) | F24: Normal | G24: Perform code to wing to FC USD that performed wwl from PSP KHR (cross currency) | H24: PSP | I24: =IF(H24="PSP",IF(K24="KHR",'Config Data'!$D$13,'Config Data'!$D$14),IF(H24="FC",IF(K24="KHR",'Config Data'!$D$15,'Config Data'!$D$16))) -> 07782083 | J24: Customer - Current Account Personal - Standard | K24: KHR | L24: =IF(K24="KHR",'Config Data'!$D$21,IF(K24="USD",'Config Data'!$D$23,"")) -> 120000 | M24: 0 | N24: 0 | O24: 29.61 | P24: FC | Q24: =IF(P24="PSP",IF(S24="KHR",'Config Data'!$D$13,'Config Data'!$D$14),IF(P24="FC",IF(S24="KHR",'Config Data'!$D$15,'Config Data'!$D$16))) -> 103634533 | R24: High Yield Saving - Standard | S24: USD | U24: Big Rate | V24: GYQ687354 | W24: 27-08-2026 | 01:58:39 AM | X24: 1-Transaction will be success 2-Amount deducted from the payer to the payee is correct 3-Exchange rate is correct | Y24: As Expected | Z24: Passed | AA24: Automation | AC24: =HYPERLINK("Screenshots/Code to Wing/TCRT-0020","View Screenshots") -> View Screenshots
A25: 21 | B25: TCRT-0021 | D25: PTU Pinless | E25: Peform from PSP USD to Smart | F25: Normal | G25: Peform from PSP USD to Smart | H25: PSP | I25: =IF(H25="PSP",IF(K25="KHR",'Config Data'!$D$13,'Config Data'!$D$14),IF(H25="FC",IF(K25="KHR",'Config Data'!$D$15,'Config Data'!$D$16))) -> 07782087 | J25: Customer - Current Account Personal - Standard | K25: USD | L25: 1.00 | M25: 0 | N25: 0 | O25: 1 | P25: Phone Number | Q25: =IF(R25="Smart",'Config Data'!D$44,IF(R25="Cellcard",'Config Data'!D$45,"")) -> 098229845 | R25: Smart | S25: USD | U25: N/A | V25: HTS558722 | W25: 27-08-2026 | 01:59:05 AM | X25: 1-Transaction will be success 2-Amount deducted from the payer to the payee is correct 3-Exchange rate is correct | Y25: As Expected | Z25: Passed | AA25: Automation | AC25: =HYPERLINK("Screenshots/PTU Pinless/TCRT-0021","View Screenshots") -> View Screenshots
A26: 22 | B26: TCRT-0022 | E26: Peform from FC KHR to Smart (cross currency) | F26: Normal | G26: Peform from FC KHR to Smart (cross currency) | H26: FC | I26: =IF(H26="PSP",IF(K26="KHR",'Config Data'!$D$13,'Config Data'!$D$14),IF(H26="FC",IF(K26="KHR",'Config Data'!$D$15,'Config Data'!$D$16))) -> 103634567 | J26: High Yield Saving - Standard | K26: KHR | L26: 4053 | M26: 0 | N26: 0 | O26: 1 | P26: Phone Number | Q26: =IF(R26="Smart",'Config Data'!D$44,IF(R26="Cellcard",'Config Data'!D$45,"")) -> 098229845 | R26: Smart | S26: USD | U26: Big Rate | V26: 0002381262390739 | W26: 27-08-2026 | 01:59:27 AM | X26: 1-Transaction will be success 2-Amount deducted from the payer to the payee is correct 3-Exchange rate is correct | Y26: As Expected | Z26: Passed | AA26: Automation | AC26: =HYPERLINK("Screenshots/PTU Pinless/TCRT-0022","View Screenshots") -> View Screenshots
A27: 23 | B27: TCRT-0023 | E27: Peform from FC USD to Cellcard | F27: Normal | G27: Peform from FC USD to Cellcard | H27: FC | I27: =IF(H27="PSP",IF(K27="KHR",'Config Data'!$D$13,'Config Data'!$D$14),IF(H27="FC",IF(K27="KHR",'Config Data'!$D$15,'Config Data'!$D$16))) -> 103634533 | J27: High Yield Saving - Standard | K27: USD | L27: 1.00 | M27: 0 | N27: 0 | O27: 1 | P27: Phone Number | Q27: =IF(R27="Smart",'Config Data'!D$44,IF(R27="Cellcard",'Config Data'!D$45,"")) -> 078731099 | R27: Cellcard | S27: USD | U27: N/A | V27: 0002381262390742 | W27: 27-08-2026 | 01:59:48 AM | X27: 1-Transaction will be success 2-Amount deducted from the payer to the payee is correct 3-Exchange rate is correct | Y27: As Expected | Z27: Passed | AA27: Automation | AC27: =HYPERLINK("Screenshots/PTU Pinless/TCRT-0023","View Screenshots") -> View Screenshots
A28: 24 | B28: TCRT-0024 | D28: PTU PIN | E28: Perform from PSP KHR to Smart (cross currency) | F28: Normal | G28: Perform from PSP KHR to Smart (cross currency) | H28: PSP | I28: =IF(H28="PSP",IF(K28="KHR",'Config Data'!$D$13,'Config Data'!$D$14),IF(H28="FC",IF(K28="KHR",'Config Data'!$D$15,'Config Data'!$D$16))) -> 07782083 | J28: Customer - Current Account Personal - Standard | K28: KHR | L28: 4053 | M28: 0 | N28: 0 | O28: 1 | P28: Operator | Q28: Smart | R28: N/A | S28: USD | U28: Big Rate | V28: HTS558746 | W28: 27-08-2026 | 02:00:08 AM | X28: 1-Transaction will be success 2-Amount deducted from the payer to the payee is correct 3-Exchange rate is correct | Y28: As Expected | Z28: Passed | AA28: Automation | AC28: =HYPERLINK("Screenshots/PTU PIN/TCRT-0024","View Screenshots") -> View Screenshots
A29: 25 | B29: TCRT-0025 | E29: Perform from FC USD to Cellcard | F29: Normal | G29: Perform from FC USD to Cellcard | H29: FC | I29: =IF(H29="PSP",IF(K29="KHR",'Config Data'!$D$13,'Config Data'!$D$14),IF(H29="FC",IF(K29="KHR",'Config Data'!$D$15,'Config Data'!$D$16))) -> 103634533 | J29: High Yield Saving - Standard | K29: USD | L29: 1.00 | M29: 0 | N29: 0 | O29: 1 | P29: Operator | Q29: Cellcard | R29: N/A | S29: USD | U29: N/A | V29: 0002382262390018 | W29: 27-08-2026 | 02:00:27 AM | X29: 1-Transaction will be success 2-Amount deducted from the payer to the payee is correct 3-Exchange rate is correct | Y29: As Expected | Z29: Passed | AA29: Automation | AC29: =HYPERLINK("Screenshots/PTU PIN/TCRT-0025","View Screenshots") -> View Screenshots
A30: 26 | B30: TCRT-0026 | D30: KHQR(WingBank to customer other bank) | E30: Perform from PSP KHR to customer of other bank USD (scan khqr) (cross currency) | F30: Normal | G30: Perform from PSP KHR to customer of other bank USD (scan khqr) (cross currency) | H30: PSP | I30: =IF(H30="PSP",IF(K30="KHR",'Config Data'!$D$13,'Config Data'!$D$14),IF(H30="FC",IF(K30="KHR",'Config Data'!$D$15,'Config Data'!$D$16))) -> 07782083 | J30: Customer - Current Account Personal - Standard | K30: KHR | L30: 121590 | M30: 0 | N30: 0 | O30: =IF(AND(K30="USD",S30="KHR"),120000,IF(AND(K30="KHR",S30="USD"),30,IF(AND(K30="USD",S30="USD"),1,IF(AND(K30="KHR",S30="KHR"),4000,IF(S30="KHR",'Config Data'!$D$21,IF(S30="USD",'Config Data'!$D$23,"")))))) -> 30 | P30: Customer QR OtherBank | Q30: =IF('Config Data'!B29=FALSE,IF(P30="Customer QR OtherBank",IF(S30="KHR",'Config Data'!E$39,'Config Data'!E$38)),IF(P30="Customer QR OtherBank",IF(S30="KHR",'Config Data'!D$39,'Config Data'!D$38))) -> 00020101021229450016abaakhppxxx@abaa01090044268570208ABA Bank40390006abaP2P011259D64CDECE0F02090044268575204000053038405402305802KH5909RORN MONY6010Phnom Penh993400131776671446325011318082074463256304E369 | R30: ABA Bank Customer | S30: USD | U30: Big Rate | V30: QBF957327 | W30: 27-08-2026 | 02:00:55 AM | X30: 1-Transaction will be success 2-Amount deducted from the payer to the payee is correct 3-Exchange rate is correct | Y30: As Expected | Z30: Passed | AA30: Automation | AC30: =HYPERLINK("Screenshots/KHQR (WingBank to Customer Other Bank)/TCRT-0026","View Screenshots") -> View Screenshots
A31: 27 | B31: TCRT-0027 | E31: Perform from FC USD to customer of other bank KHR (scan khqr) (cross currency) | F31: Normal | G31: Perform from FC USD to customer of other bank KHR (scan khqr) (cross currency) | H31: FC | I31: =IF(H31="PSP",IF(K31="KHR",'Config Data'!$D$13,'Config Data'!$D$14),IF(H31="FC",IF(K31="KHR",'Config Data'!$D$15,'Config Data'!$D$16))) -> 103634533 | J31: High Yield Saving - Standard | K31: USD | L31: 29.67 | M31: 0 | N31: 0 | O31: =IF(AND(K31="USD",S31="KHR"),120000,IF(AND(K31="KHR",S31="USD"),30,IF(AND(K31="USD",S31="USD"),1,IF(AND(K31="KHR",S31="KHR"),4000,IF(S31="KHR",'Config Data'!$D$21,IF(S31="USD",'Config Data'!$D$23,"")))))) -> 120000 | P31: Customer QR OtherBank | Q31: =IF('Config Data'!B29=FALSE,IF(P31="Customer QR OtherBank",IF(S31="KHR",'Config Data'!E$39,'Config Data'!E$38)),IF(P31="Customer QR OtherBank",IF(S31="KHR",'Config Data'!D$39,'Config Data'!D$38))) -> 00020101021229450016abaakhppxxx@abaa01096009011050208ABA Bank40390006abaP2P011259D64CDECE0F020960090110552040000530311654061200005802KH5909RORN MONY6010Phnom Penh9934001317766714861950113180820748619563041F76 | R31: ABA Bank Customer | S31: KHR | U31: Small Rate | V31: 0002347262396109 | W31: 27-08-2026 | 02:01:24 AM | X31: 1-Transaction will be success 2-Amount deducted from the payer to the payee is correct 3-Exchange rate is correct | Y31: As Expected | Z31: Passed | AA31: Automation | AC31: =HYPERLINK("Screenshots/KHQR (WingBank to Customer Other Bank)/TCRT-0027","View Screenshots") -> View Screenshots
A32: 28 | B32: TCRT-0028 | D32: QR Pay | E32: Perform from PSP KHR to merchant PSP USD(no point) via scan KHQR of wingPay (cross currency) | F32: Normal | G32: Perform from PSP KHR to merchant PSP USD(no point) via scan KHQR of wingPay (cross currency) | H32: PSP | I32: =IF(H32="PSP",IF(K32="KHR",'Config Data'!$D$13,'Config Data'!$D$14),IF(H32="FC",IF(K32="KHR",'Config Data'!$D$15,'Config Data'!$D$16))) -> 07782083 | J32: Customer - Current Account Personal - Standard | K32: KHR | L32: 121590 | M32: 0 | N32: 0 | O32: =IF(AND(K32="USD",S32="KHR"),120000,IF(AND(K32="KHR",S32="USD"),30,IF(AND(K32="USD",S32="USD"),1,IF(AND(K32="KHR",S32="KHR"),4000,IF(S32="KHR",'Config Data'!$D$21,IF(S32="USD",'Config Data'!$D$23,"")))))) -> 30 | P32: Merchant App PSP | Q32: =IF('Config Data'!$B$29=FALSE,IF(P32="Merchant App PSP",IF(S32="KHR",'Config Data'!$E$34,'Config Data'!$E$35),IF(P32="Merchant App FC",IF(S32="KHR",'Config Data'!$E$33,'Config Data'!$E$32))),IF(P32="Merchant App PSP",IF(S32="KHR",'Config Data'!$D$34,'Config Data'!$D$35),IF(P32="Merchant App FC",IF(S32="KHR",'Config Data'!$D$33,'Config Data'!$D$32)))) -> 00020101021130510014wing_khqr@wing01065331350207WINGPAY0308MERCHANT5204721153038405802KH5923PMOTest Youhai Ren Shop6010Phnom Penh6105120006304B296 | R32: Retail - Bill Pay Corp I (Fee Free) | S32: USD | T32: 4053 | U32: Big Rate | V32: JBT758234 | W32: 27-08-2026 | 02:01:50 AM | X32: 1-Transaction will be success 2-Amount deducted from the payer to the payee is correct 3-Exchange rate is correct | Y32: As Expected | Z32: Passed | AA32: Automation | AC32: =HYPERLINK("Screenshots/QR Pay (Scan)/TCRT-0028","View Screenshots") -> View Screenshots
A33: 29 | B33: TCRT-0029 | E33: Perform from PSP USD to merchant corp1 FC KHR(have point) via scan KHQR of wingPay (cross currency) | F33: Normal | G33: Perform from PSP USD to merchant corp1 FC KHR(have point) via scan KHQR of wingPay (cross currency) | H33: PSP | I33: =IF(H33="PSP",IF(K33="KHR",'Config Data'!$D$13,'Config Data'!$D$14),IF(H33="FC",IF(K33="KHR",'Config Data'!$D$15,'Config Data'!$D$16))) -> 07782087 | J33: Customer - Current Account Personal - Standard | K33: USD | L33: 29.66 | M33: 3000 | N33: 0 | O33: =IF(AND(K33="USD",S33="KHR"),120000,IF(AND(K33="KHR",S33="USD"),30,IF(AND(K33="USD",S33="USD"),1,IF(AND(K33="KHR",S33="KHR"),4000,IF(S33="KHR",'Config Data'!$D$21,IF(S33="USD",'Config Data'!$D$23,"")))))) -> 120000 | P33: Merchant App FC | Q33: =IF('Config Data'!$B$29=FALSE,IF(P33="Merchant App PSP",IF(S33="KHR",'Config Data'!$E$34,'Config Data'!$E$35),IF(P33="Merchant App FC",IF(S33="KHR",'Config Data'!$E$33,'Config Data'!$E$32))),IF(P33="Merchant App PSP",IF(S33="KHR",'Config Data'!$D$34,'Config Data'!$D$35),IF(P33="Merchant App FC",IF(S33="KHR",'Config Data'!$D$33,'Config Data'!$D$32)))) -> 00020101021130420014wing_khqr@wing01090001342930207WINGPAY5204599953031165802KH5919PMOTEST HAI CAR SOP6010Phnom Penh624401062571730211855959890720715FCCMPY00035927863047A8A | R33: Loyalty - Corp 1 (MDR: 0% + Bronze: 2.5%) | S33: KHR | T33: 4045 | U33: Small Rate | V33: JBT758273 | W33: 27-08-2026 | 02:02:21 AM | X33: 1-Transaction will be success 2-Amount deducted from the payer to the payee is correct 3-Exchange rate is correct | Y33: As Expected | Z33: Passed | AA33: Automation | AC33: =HYPERLINK("Screenshots/QR Pay (Scan)/TCRT-0029","View Screenshots") -> View Screenshots
A34: 30 | B34: TCRT-0030 | E34: Perform from PSP KHR to merchant corp1 FC USD(no point) via scan KHQR of wingpay (cross currency) | F34: Normal | G34: Perform from PSP KHR to merchant corp1 FC USD(no point) via scan KHQR of wingpay (cross currency) | H34: PSP | I34: =IF(H34="PSP",IF(K34="KHR",'Config Data'!$D$13,'Config Data'!$D$14),IF(H34="FC",IF(K34="KHR",'Config Data'!$D$15,'Config Data'!$D$16))) -> 07782083 | J34: Customer - Current Account Personal - Standard | K34: KHR | L34: 121590 | M34: 0 | N34: 0 | O34: =IF(AND(K34="USD",S34="KHR"),120000,IF(AND(K34="KHR",S34="USD"),30,IF(AND(K34="USD",S34="USD"),1,IF(AND(K34="KHR",S34="KHR"),4000,IF(S34="KHR",'Config Data'!$D$21,IF(S34="USD",'Config Data'!$D$23,"")))))) -> 30 | P34: Merchant App FC | Q34: =IF('Config Data'!$B$29=FALSE,IF(P34="Merchant App PSP",IF(S34="KHR",'Config Data'!$E$34,'Config Data'!$E$35),IF(P34="Merchant App FC",IF(S34="KHR",'Config Data'!$E$33,'Config Data'!$E$32))),IF(P34="Merchant App PSP",IF(S34="KHR",'Config Data'!$D$34,'Config Data'!$D$35),IF(P34="Merchant App FC",IF(S34="KHR",'Config Data'!$D$33,'Config Data'!$D$32)))) -> 00020101021130420014wing_khqr@wing01090001342930207WINGPAY5204599953031165802KH5919PMOTEST HAI CAR SOP6010Phnom Penh624401062571730211855959890720715FCCMPY00035927863047A8A | R34: Loyalty - (MDR: 0% + Standard_low: 0%) | S34: USD | T34: 4053 | U34: Big Rate | V34: JBT758311 | W34: 27-08-2026 | 02:02:47 AM | X34: 1-Transaction will be success 2-Amount deducted from the payer to the payee is correct 3-Exchange rate is correct | Y34: As Expected | Z34: Passed | AA34: Automation | AC34: =HYPERLINK("Screenshots/QR Pay (Scan)/TCRT-0030","View Screenshots") -> View Screenshots
A35: 31 | B35: TCRT-0031 | E35: Perform from FC KHR to merchant PSP USD(no point) via scan KHQR of wingpay (cross currency) | F35: Normal | G35: Perform from FC KHR to merchant PSP USD(no point) via scan KHQR of wingpay (cross currency) | H35: FC | I35: =IF(H35="PSP",IF(K35="KHR",'Config Data'!$D$13,'Config Data'!$D$14),IF(H35="FC",IF(K35="KHR",'Config Data'!$D$15,'Config Data'!$D$16))) -> 103634567 | J35: High Yield Saving - Standard | K35: KHR | L35: 121590 | M35: 0 | N35: 0 | O35: =IF(AND(K35="USD",S35="KHR"),120000,IF(AND(K35="KHR",S35="USD"),30,IF(AND(K35="USD",S35="USD"),1,IF(AND(K35="KHR",S35="KHR"),4000,IF(S35="KHR",'Config Data'!$D$21,IF(S35="USD",'Config Data'!$D$23,"")))))) -> 30 | P35: Merchant App PSP | Q35: =IF('Config Data'!$B$29=FALSE,IF(P35="Merchant App PSP",IF(S35="KHR",'Config Data'!$E$34,'Config Data'!$E$35),IF(P35="Merchant App FC",IF(S35="KHR",'Config Data'!$E$33,'Config Data'!$E$32))),IF(P35="Merchant App PSP",IF(S35="KHR",'Config Data'!$D$34,'Config Data'!$D$35),IF(P35="Merchant App FC",IF(S35="KHR",'Config Data'!$D$33,'Config Data'!$D$32)))) -> 00020101021130510014wing_khqr@wing01065331350207WINGPAY0308MERCHANT5204721153038405802KH5923PMOTest Youhai Ren Shop6010Phnom Penh6105120006304B296 | R35: Retail - Bill Pay Corp I (Fee Free) | S35: USD | T35: 4053 | U35: Big Rate | V35: 0002448262390008 | W35: 27-08-2026 | 02:03:15 AM | X35: 1-Transaction will be success 2-Amount deducted from the payer to the payee is correct 3-Exchange rate is correct | Y35: As Expected | Z35: Passed | AA35: Automation | AC35: =HYPERLINK("Screenshots/QR Pay (Scan)/TCRT-0031","View Screenshots") -> View Screenshots
A36: 32 | B36: TCRT-0032 | E36: Perform from FC USD to merchant corp1 FC KHR(have point) via scan KHQR of wingpay (cross currency) | F36: Normal | G36: Perform from FC USD to merchant corp1 FC KHR(have point) via scan KHQR of wingpay (cross currency) | H36: FC | I36: =IF(H36="PSP",IF(K36="KHR",'Config Data'!$D$13,'Config Data'!$D$14),IF(H36="FC",IF(K36="KHR",'Config Data'!$D$15,'Config Data'!$D$16))) -> 103634533 | J36: High Yield Saving - Standard | K36: USD | L36: 29.67 | M36: 3000 | N36: 0 | O36: =IF(AND(K36="USD",S36="KHR"),120000,IF(AND(K36="KHR",S36="USD"),30,IF(AND(K36="USD",S36="USD"),1,IF(AND(K36="KHR",S36="KHR"),4000,IF(S36="KHR",'Config Data'!$D$21,IF(S36="USD",'Config Data'!$D$23,"")))))) -> 120000 | P36: Merchant App FC | Q36: =IF('Config Data'!$B$29=FALSE,IF(P36="Merchant App PSP",IF(S36="KHR",'Config Data'!$E$34,'Config Data'!$E$35),IF(P36="Merchant App FC",IF(S36="KHR",'Config Data'!$E$33,'Config Data'!$E$32))),IF(P36="Merchant App PSP",IF(S36="KHR",'Config Data'!$D$34,'Config Data'!$D$35),IF(P36="Merchant App FC",IF(S36="KHR",'Config Data'!$D$33,'Config Data'!$D$32)))) -> 00020101021130420014wing_khqr@wing01090001342930207WINGPAY5204599953031165802KH5919PMOTEST HAI CAR SOP6010Phnom Penh624401062571730211855959890720715FCCMPY00035927863047A8A | R36: Loyalty - Corp 1 (MDR: 0% + Bronze: 2.5%) | S36: KHR | T36: 4045 | U36: Small Rate | V36: 0002476262390394 | W36: 27-08-2026 | 02:03:42 AM | X36: 1-Transaction will be success 2-Amount deducted from the payer to the payee is correct 3-Exchange rate is correct | Y36: As Expected | Z36: Passed | AA36: Automation | AC36: =HYPERLINK("Screenshots/QR Pay (Scan)/TCRT-0032","View Screenshots") -> View Screenshots
A37: 33 | B37: TCRT-0033 | E37: Perform from FC USD to merchant PSP KHR (no point) via scan KHQR of wingpay (cross currency) | F37: Normal | G37: Perform from FC USD to merchant PSP KHR (no point) via scan KHQR of wingpay (cross currency) | H37: FC | I37: =IF(H37="PSP",IF(K37="KHR",'Config Data'!$D$13,'Config Data'!$D$14),IF(H37="FC",IF(K37="KHR",'Config Data'!$D$15,'Config Data'!$D$16))) -> 103634533 | J37: High Yield Saving - Standard | K37: USD | L37: 29.67 | M37: 0 | N37: 0 | O37: =IF(AND(K37="USD",S37="KHR"),120000,IF(AND(K37="KHR",S37="USD"),30,IF(AND(K37="USD",S37="USD"),1,IF(AND(K37="KHR",S37="KHR"),4000,IF(S37="KHR",'Config Data'!$D$21,IF(S37="USD",'Config Data'!$D$23,"")))))) -> 120000 | P37: Merchant App PSP | Q37: =IF('Config Data'!$B$29=FALSE,IF(P37="Merchant App PSP",IF(S37="KHR",'Config Data'!$E$34,'Config Data'!$E$35),IF(P37="Merchant App FC",IF(S37="KHR",'Config Data'!$E$33,'Config Data'!$E$32))),IF(P37="Merchant App PSP",IF(S37="KHR",'Config Data'!$D$34,'Config Data'!$D$35),IF(P37="Merchant App FC",IF(S37="KHR",'Config Data'!$D$33,'Config Data'!$D$32)))) -> 00020101021130510014wing_khqr@wing01065331340207WINGPAY0308MERCHANT5204721153031165802KH5923PMOTest Youhai Ren Shop6010Phnom Penh6105120006304D37B | R37: Retail - Bill Pay Corp I (Fee Free) | S37: KHR | T37: 4045 | U37: Small Rate | V37: 0002448262390010 | W37: 27-08-2026 | 02:04:10 AM | X37: 1-Transaction will be success 2-Amount deducted from the payer to the payee is correct 3-Exchange rate is correct | Y37: As Expected | Z37: Passed | AA37: Automation | AC37: =HYPERLINK("Screenshots/QR Pay (Scan)/TCRT-0033","View Screenshots") -> View Screenshots
A38: 34 | B38: TCRT-0034 | D38: KHQR(WingBank to merchant other bank) | E38: Perform from FC KHR to merchant of other bank/ABA USD(QR that generate and download from customer ABA app .cross currency) | F38: Normal | G38: Perform from FC KHR to merchant of other bank/ABA USD(QR that generate and download from customer ABA app (cross currency) | H38: FC | I38: =IF(H38="PSP",IF(K38="KHR",'Config Data'!$D$13,'Config Data'!$D$14),IF(H38="FC",IF(K38="KHR",'Config Data'!$D$15,'Config Data'!$D$16))) -> 103634567 | J38: High Yield Saving - Standard | K38: KHR | L38: 121590 | M38: 0 | N38: 0 | O38: =IF(AND(K38="USD",S38="KHR"),120000,IF(AND(K38="KHR",S38="USD"),30,IF(AND(K38="USD",S38="USD"),1,IF(AND(K38="KHR",S38="KHR"),4000,IF(S38="KHR",'Config Data'!$D$21,IF(S38="USD",'Config Data'!$D$23,"")))))) -> 30 | P38: Merchant QR Other Bank | Q38: =IF('Config Data'!$B$29=TRUE,IF(S38="USD",'Config Data'!$D$40,'Config Data'!$D$41),IF(S38="KHR",'Config Data'!$E$40,'Config Data'!$E$41)) -> 00020101021130510016abaakhppxxx@abaa01151260202084127730208ABA Bank5204597753038405802KH5909RORN MONY6010PHNOM PENH624268380010PAYWAY@ABA01071609752020903211772563048B49 | R38: Savings Account | S38: USD | T38: 4053 | U38: Big Rate | V38: 0002454262396377 | W38: 27-08-2026 | 02:04:38 AM | X38: 1-Transaction will be success 2-Amount deducted from the payer to the payee is correct 3-Exchange rate is correct | Y38: As Expected | Z38: Passed | AA38: Automation | AC38: =HYPERLINK("Screenshots/KHQR (WingBank to Merchant Other Bank)/TCRT-0034","View Screenshots") -> View Screenshots
A39: 35 | B39: TCRT-0035 | E39: Perform from PSP USD to merchant of other bank/ABA KHR (QR that generate and download from customer ABA app .cross currency) | F39: Normal | G39: Perform from PSP USD to merchant of other bank/ABA KHR (QR that generate and download from customer ABA app (cross currency) | H39: PSP | I39: =IF(H39="PSP",IF(K39="KHR",'Config Data'!$D$13,'Config Data'!$D$14),IF(H39="FC",IF(K39="KHR",'Config Data'!$D$15,'Config Data'!$D$16))) -> 07782087 | J39: Customer - Current Account Personal - Standard | K39: USD | L39: 29.66 | M39: 0 | N39: 0 | O39: =IF(AND(K39="USD",S39="KHR"),120000,IF(AND(K39="KHR",S39="USD"),30,IF(AND(K39="USD",S39="USD"),1,IF(AND(K39="KHR",S39="KHR"),4000,IF(S39="KHR",'Config Data'!$D$21,IF(S39="USD",'Config Data'!$D$23,"")))))) -> 120000 | P39: Merchant QR Other Bank | Q39: =IF('Config Data'!$B$29=TRUE,IF(S39="USD",'Config Data'!$D$40,'Config Data'!$D$41),IF(S39="KHR",'Config Data'!$E$40,'Config Data'!$E$41)) -> 00020101021130510016abaakhppxxx@abaa01151260202084127730208ABA Bank5204597753031165802KH5909RORN MONY6010PHNOM PENH624268380010PAYWAY@ABA01071609752020903211772563049D7B | R39: Savings Account | S39: KHR | T39: 4045 | U39: Small Rate | V39: JBT758459 | W39: 27-08-2026 | 02:05:04 AM | X39: 1-Transaction will be success 2-Amount deducted from the payer to the payee is correct 3-Exchange rate is correct | Y39: As Expected | Z39: Passed | AA39: Automation | AC39: =HYPERLINK("Screenshots/KHQR (WingBank to Merchant Other Bank)/TCRT-0035","View Screenshots") -> View Screenshots
A40: 36 | B40: TCRT-0036 | D40: Billpay to EDC | E40: Peform from PSP USD to EDC KHR (7500) (cross currency) | F40: Normal | G40: Peform from PSP USD to EDC KHR (7500) (cross currency) | H40: PSP | I40: =IF(H40="PSP",IF(K40="KHR",'Config Data'!$D$13,'Config Data'!$D$14),IF(H40="FC",IF(K40="KHR",'Config Data'!$D$15,'Config Data'!$D$16))) -> 07782087 | J40: Customer - Current Account Personal - Standard | K40: USD | L40: 0.24 | M40: 0 | N40: 0 | O40: 1000 | P40: EDC | Q40: ='Config Data'!D$51 -> 94132110 | R40: EDC | S40: KHR | T40: 4045 | U40: Small Rate | V40: UHQ990853 | W40: 27-08-2026 | 02:05:00 AM | X40: 1-Transaction will be success 2-Amount deducted from the payer to the payee is correct 3-Exchange rate is correct | Y40: As Expected | Z40: Passed | AA40: Automation | AC40: =HYPERLINK("Screenshots/Billpay to EDC/TCRT-0036","View Screenshots") -> View Screenshots
A41: 37 | B41: TCRT-0037 | E41: Perform from FC USD to EDC KHR (7500) (cross currency) | F41: Normal | G41: Perform from FC USD to EDC KHR (7500) (cross currency) | H41: FC | I41: =IF(H41="PSP",IF(K41="KHR",'Config Data'!$D$13,'Config Data'!$D$14),IF(H41="FC",IF(K41="KHR",'Config Data'!$D$15,'Config Data'!$D$16))) -> 103634533 | J41: High Yield Saving - Standard | K41: USD | L41: 0.25 | M41: 0 | N41: 0 | O41: 1000 | P41: EDC | Q41: ='Config Data'!D$51 -> 94132110 | R41: EDC | S41: KHR | T41: 4045 | U41: Small Rate | V41: 0002353262390041 | W41: 27-08-2026 | 02:06:00 AM | X41: 1-Transaction will be success 2-Amount deducted from the payer to the payee is correct 3-Exchange rate is correct | Y41: As Expected | Z41: Passed | AA41: Automation | AC41: =HYPERLINK("Screenshots/Billpay to EDC/TCRT-0037","View Screenshots") -> View Screenshots
A42: 38 | B42: TCRT-0038 | D42: Billpay to Other Bank (ABA) | E42: Peform from PSP USD to customer of other bank USD | F42: Normal | G42: Peform from PSP USD to customer of other bank USD | H42: PSP | I42: =IF(H42="PSP",IF(K42="KHR",'Config Data'!$D$13,'Config Data'!$D$14),IF(H42="FC",IF(K42="KHR",'Config Data'!$D$15,'Config Data'!$D$16))) -> 07782087 | J42: Customer - Current Account Personal - Standard | K42: USD | L42: 1.00 | M42: 0 | N42: 0 | O42: =IF(AND(K42="USD",S42="KHR"),120000,IF(AND(K42="KHR",S42="USD"),30,IF(AND(K42="USD",S42="USD"),1,IF(AND(K42="KHR",S42="KHR"),4000,IF(S42="KHR",'Config Data'!$D$21,IF(S42="USD",'Config Data'!$D$23,"")))))) -> 1 | P42: ABA Bank | Q42: =IF(P42="ABA Bank",IF(S42="KHR",'Config Data'!$D$49,'Config Data'!$D$48),"") -> 004426857 | R42: Saving Account | S42: USD | U42: N/A | V42: UHQ990859 | W42: 27-08-2026 | 02:06:00 AM | X42: 1-Transaction will be success 2-Amount deducted from the payer to the payee is correct 3-Exchange rate is correct | Y42: As Expected | Z42: Passed | AA42: Automation | AC42: =HYPERLINK("Screenshots/Billpay to Other Bank (ABA)/TCRT-0038","View Screenshots") -> View Screenshots
A43: 39 | B43: TCRT-0039 | E43: Perform from FC KHR to customer of other bank USD (cross currency) | F43: Normal | G43: Perform from FC KHR to customer of other bank USD (cross currency) | H43: FC | I43: =IF(H43="PSP",IF(K43="KHR",'Config Data'!$D$13,'Config Data'!$D$14),IF(H43="FC",IF(K43="KHR",'Config Data'!$D$15,'Config Data'!$D$16))) -> 103634567 | J43: High Yield Saving - Standard | K43: KHR | L43: 121590 | M43: 0 | N43: 0 | O43: =IF(AND(K43="USD",S43="KHR"),120000,IF(AND(K43="KHR",S43="USD"),30,IF(AND(K43="USD",S43="USD"),1,IF(AND(K43="KHR",S43="KHR"),4000,IF(S43="KHR",'Config Data'!$D$21,IF(S43="USD",'Config Data'!$D$23,"")))))) -> 30 | P43: ABA Bank | Q43: =IF(P43="ABA Bank",IF(S43="KHR",'Config Data'!$D$49,'Config Data'!$D$48),"") -> 004426857 | R43: Saving Account | S43: USD | T43: 4053 | U43: Big Rate | V43: 0002353262390044 | W43: 27-08-2026 | 02:07:00 AM | X43: 1-Transaction will be success 2-Amount deducted from the payer to the payee is correct 3-Exchange rate is correct | Y43: As Expected | Z43: Passed | AA43: Automation | AC43: =HYPERLINK("Screenshots/Billpay to Other Bank (ABA)/TCRT-0039","View Screenshots") -> View Screenshots
A44: 40 | B44: TCRT-0040 | D44: Billpay to Angkor Hospital | E44: Perform from PSP KHR to Angkor hospital for Children KHR | F44: Normal | G44: Peform from PSP USD to Bakong wallet KHR (cross currency) | H44: PSP | I44: =IF(H44="PSP",IF(K44="KHR",'Config Data'!$D$13,'Config Data'!$D$14),IF(H44="FC",IF(K44="KHR",'Config Data'!$D$15,'Config Data'!$D$16))) -> 07782087 | J44: Customer - Current Account Personal - Standard | K44: USD | L44: 0.24 | M44: 0 | N44: 0 | O44: 1000 | P44: Angkor Hospital | Q44: ='Config Data'!D$50 -> 086938457 | R44: Angkor Hospital | S44: KHR | T44: 4045 | U44: Small Rate | V44: UHQ990866 | W44: 27-08-2026 | 02:08:00 AM | X44: 1-Transaction will be success 2-Amount deducted from the payer to the payee is correct 3-Exchange rate is correct | Y44: As Expected | Z44: Passed | AA44: Automation | AC44: =HYPERLINK("Screenshots/Billpay to Angkor Hospital/TCRT-0040","View Screenshots") -> View Screenshots
A45: 41 | B45: TCRT-0041 | E45: Perform from FC USD to Angkor hospital for Children KHR | F45: Normal | G45: Perform from FC USD to Angkor hospital for Children KHR | H45: FC | I45: =IF(H45="PSP",IF(K45="KHR",'Config Data'!$D$13,'Config Data'!$D$14),IF(H45="FC",IF(K45="KHR",'Config Data'!$D$15,'Config Data'!$D$16))) -> 103634533 | J45: High Yield Saving - Standard | K45: USD | L45: 0.25 | M45: 0 | N45: 0 | O45: 1000 | P45: Angkor Hospital | Q45: ='Config Data'!D$50 -> 086938457 | R45: Angkor Hospital | S45: KHR | T45: 4045 | U45: Small Rate | V45: 0002353262390047 | W45: 27-08-2026 | 02:08:00 AM | X45: 1-Transaction will be success 2-Amount deducted from the payer to the payee is correct 3-Exchange rate is correct | Y45: As Expected | Z45: Passed | AA45: Automation | AC45: =HYPERLINK("Screenshots/Billpay to Angkor Hospital/TCRT-0041","View Screenshots") -> View Screenshots
A46: 42 | B46: TCRT-0042 | D46: Billpay to Bakong Wallet | E46: Perform Transaction Billpay to Bakong Wallet | F46: Normal | G46: From FC USD - Bakong Wallet KHR | H46: PSP | I46: =IF(H46="PSP",IF(K46="KHR",'Config Data'!$D$13,'Config Data'!$D$14),IF(H46="FC",IF(K46="KHR",'Config Data'!$D$15,'Config Data'!$D$16))) -> 07782087 | J46: Customer - Current Account Personal - Standard | K46: USD | L46: 29.66 | M46: 0 | N46: 0 | O46: =IF(AND(K46="USD",S46="KHR"),120000,IF(AND(K46="KHR",S46="USD"),30,IF(AND(K46="USD",S46="USD"),1,IF(AND(K46="KHR",S46="KHR"),4000,IF(S46="KHR",'Config Data'!$D$21,IF(S46="USD",'Config Data'!$D$23,"")))))) -> 120000 | P46: Bakong wallet | Q46: ='Config Data'!D$50 -> 086938457 | R46: Bakong wallet | S46: KHR | T46: 4045 | U46: Small Rate | V46: UHQ990870 | W46: 27-08-2026 | 02:08:00 AM | X46: 1-Transaction will be success 2-Amount deducted from the payer to the payee is correct 3-Exchange rate is correct | Y46: As Expected | Z46: Passed | AA46: Automation | AC46: =HYPERLINK("Screenshots/Billpay to Bakong Wallet/TCRT-0042","View Screenshots") -> View Screenshots
A47: 43 | B47: TCRT-0043 | E47: Perform Transaction Billpay to Bakong Wallet | F47: Normal | G47: From PSP KHR- Bakong Wallet USD | H47: FC | I47: =IF(H47="PSP",IF(K47="KHR",'Config Data'!$D$13,'Config Data'!$D$14),IF(H47="FC",IF(K47="KHR",'Config Data'!$D$15,'Config Data'!$D$16))) -> 103634567 | J47: High Yield Saving - Standard | K47: KHR | L47: 121590 | M47: 0 | N47: 0 | O47: =IF(AND(K47="USD",S47="KHR"),120000,IF(AND(K47="KHR",S47="USD"),30,IF(AND(K47="USD",S47="USD"),1,IF(AND(K47="KHR",S47="KHR"),4000,IF(S47="KHR",'Config Data'!$D$21,IF(S47="USD",'Config Data'!$D$23,"")))))) -> 30 | P47: Bakong wallet | Q47: ='Config Data'!D$50 -> 086938457 | R47: Bakong wallet | S47: USD | T47: 4053 | U47: Big Rate | V47: 0002353262390050 | W47: 27-08-2026 | 02:09:00 AM | X47: 1-Transaction will be success 2-Amount deducted from the payer to the payee is correct 3-Exchange rate is correct | Z47: Passed | AA47: Automation | AC47: =HYPERLINK("Screenshots/Billpay to Bakong Wallet/TCRT-0043","View Screenshots") -> TCRT-0043
A48: 44 | B48: TCRT-0044 | D48: Billpay to PPSHV | E48: Perform Transaction Billpay to PPSHV | F48: Normal | G48: Perform Transaction Billpay to PPSHV from FC USD | H48: FC | I48: =IF(H48="PSP",IF(K48="KHR",'Config Data'!$D$13,'Config Data'!$D$14),IF(H48="FC",IF(K48="KHR",'Config Data'!$D$15,'Config Data'!$D$16))) -> 103634533 | J48: High Yield Saving - Standard | K48: USD | L48: 1.00 | M48: 0 | N48: 0 | P48: PPSHV | Q48: 2CI-8210 | R48: Penh | S48: USD | U48: N/A | V48: 0002353262390051 | W48: 27-08-2026 | 02:21:00 AM | X48: 1) Transaction should be successed 2) Amount should be deducted from sender account | Y48: As Expected | Z48: Passed | AA48: Automation | AC48: =HYPERLINK("Screenshots/Billpay to PPSHV Expressway/TCRT-0044","View Screenshots") -> View Screenshots
A49: 45 | B49: TCRT-0045 | E49: Perform Transaction Billpay to PPSHV | F49: Normal | G49: Perform Transaction Billpay to PPSHV from PSP USD | H49: PSP | I49: =IF(H49="PSP",IF(K49="KHR",'Config Data'!$D$13,'Config Data'!$D$14),IF(H49="FC",IF(K49="KHR",'Config Data'!$D$15,'Config Data'!$D$16))) -> 07782087 | J49: Customer - Current Account Personal - Standard | K49: USD | L49: 1.00 | M49: 0 | N49: 0 | P49: PPSHV | Q49: 2CI-8210 | R49: Penh | S49: USD | U49: N/A | V49: UHQ990875 | W49: 27-08-2026 | 02:21:00 AM | X49: 1) Transaction should be successed 2) Amount should be deducted from sender account | Y49: As Expected | Z49: Passed | AA49: Automation | AC49: =HYPERLINK("Screenshots/Billpay to PPSHV Expressway/TCRT-0045","View Screenshots") -> View Screenshots
A50: 46 | B50: TCRT-0046 | D50: Cash Out(Scan) | E50: Perform from PSP USD wingbank app to scan KhQR of wcx-POS KHR (no cross currency, amount input based on the sender account currency, and receiver account currency based on sender account currency) | F50: Normal | G50: Perform from PSP USD wingbank app to scan KhQR of wcx-POS KHR (no cross currency, amount input based on the sender account currency, and receiver account currency based on sender account currency) | H50: PSP | I50: =IF(H50="PSP",IF(K50="KHR",'Config Data'!$D$13,'Config Data'!$D$14),IF(H50="FC",IF(K50="KHR",'Config Data'!$D$15,'Config Data'!$D$16))) -> 07782087 | J50: Customer - Current Account Personal - Standard | K50: USD | L50: 5.00 | M50: Free | N50: 0.15 | O50: 5 | P50: WCX PSP (Agent) | Q50: 00751774 | R50: Cash XPress - Standard | S50: USD | U50: N/A | V50: DMA644790 | W50: 27-08-2026 | 02:22:25 AM | X50: 1-Transaction will be success 2-Amount deducted from the payer to the payee is correct 3-Exchange rate is correct | Y50: As Expected | Z50: Passed | AA50: Automation | AC50: =HYPERLINK("Screenshots/Cash Out Scan/TCRT-0046","View Screenshots") -> View Screenshots
A51: 47 | B51: TCRT-0047 | E51: Perform from FC KHR wingbank app to scan KHQR of wcx-POS USD (no cross currency, amount input based on the sender account currency, and receiver account currency based on sender account currency) | F51: Normal | G51: Perform from FC KHR wingbank app to scan KHQR of wcx-POS USD (no cross currency, amount input based on the sender account currency, and receiver account currency based on sender account currency) | H51: FC | I51: =IF(H51="PSP",IF(K51="KHR",'Config Data'!$D$13,'Config Data'!$D$14),IF(H51="FC",IF(K51="KHR",'Config Data'!$D$15,'Config Data'!$D$16))) -> 103634567 | J51: High Yield Saving - Standard | K51: KHR | L51: 20000 | M51: Free | N51: 600 | O51: 20000 | P51: WCX PSP (Agent) | Q51: 00751770 | R51: Cash XPress - Standard | S51: KHR | U51: N/A | V51: 0002331262390005 | W51: 27-08-2026 | 02:23:13 AM | X51: 1-Transaction will be success 2-Amount deducted from the payer to the payee is correct 3-Exchange rate is correct | Y51: As Expected | Z51: Passed | AA51: Automation | AC51: =HYPERLINK("Screenshots/Cash Out Scan/TCRT-0047","View Screenshots") -> View Screenshots
A52: 48 | B52: TCRT-0048 | D52: Own Account Transfer | E52: Perform from FC USD to PSP KHR (cross currency) | F52: Normal | G52: Perform from FC USD to PSP KHR (cross currency) | H52: FC | I52: =IF(H52="PSP",IF(K52="KHR",'Config Data'!$D$13,'Config Data'!$D$14),IF(H52="FC",IF(K52="KHR",'Config Data'!$D$15,'Config Data'!$D$16))) -> 103634533 | J52: High Yield Saving - Standard | K52: USD | L52: =IF(AND(K52="USD",S52="KHR"),30,IF(AND(K52="KHR",S52="USD"),120000,IF(AND(K52="USD",S52="USD"),1,IF(AND(K52="KHR",S52="KHR"),4000,IF(S52="KHR",'Config Data'!$D$21,IF(S52="USD",'Config Data'!$D$23,"")))))) -> 30 | M52: 0 | N52: 0 | O52: 121350 | P52: PSP | Q52: =IF(P52="PSP",IF(S52="KHR",'Config Data'!$D$13,'Config Data'!$D$14),IF(P52="FC",IF(S52="KHR",'Config Data'!$D$15,'Config Data'!$D$16))) -> 07782083 | R52: Customer - Current Account Personal - Standard | S52: KHR | T52: 4045 | U52: Small Rate | V52: 0002397262390992 | W52: 27-08-2026 | 02:23:35 AM | X52: 1-Transaction will be success 2-Amount deducted from the payer to the payee is correct 3-Exchange rate is correct | Y52: As Expected | Z52: Passed | AA52: Automation | AC52: =HYPERLINK("Screenshots/Own Account Transfer/TCRT-0048","View Screenshots") -> View Screenshots
A53: 49 | B53: TCRT-0049 | E53: Perform from PSP KHR to FC USD (cross currency) | F53: Normal | G53: Perform from PSP KHR to FC USD (cross currency) | H53: PSP | I53: =IF(H53="PSP",IF(K53="KHR",'Config Data'!$D$13,'Config Data'!$D$14),IF(H53="FC",IF(K53="KHR",'Config Data'!$D$15,'Config Data'!$D$16))) -> 07782083 | J53: Customer - Current Account Personal - Standard | K53: KHR | L53: =IF(AND(K53="USD",S53="KHR"),30,IF(AND(K53="KHR",S53="USD"),120000,IF(AND(K53="USD",S53="USD"),1,IF(AND(K53="KHR",S53="KHR"),4000,IF(S53="KHR",'Config Data'!$D$21,IF(S53="USD",'Config Data'!$D$23,"")))))) -> 120000 | M53: 0 | N53: 0 | O53: 29.61 | P53: FC | Q53: =IF(P53="PSP",IF(S53="KHR",'Config Data'!$D$13,'Config Data'!$D$14),IF(P53="FC",IF(S53="KHR",'Config Data'!$D$15,'Config Data'!$D$16))) -> 103634533 | R53: High Yield Saving - Standard | S53: USD | T53: 4053 | U53: Big Rate | V53: EYB558883 | W53: 27-08-2026 | 02:23:57 AM | X53: 1-Transaction will be success 2-Amount deducted from the payer to the payee is correct 3-Exchange rate is correct | Y53: As Expected | Z53: Passed | AA53: Automation | AC53: =HYPERLINK("Screenshots/Own Account Transfer/TCRT-0049","View Screenshots") -> View Screenshots
A54: 50 | B54: TCRT-0050 | D54: Wing To World | E54: International Remittance - Cash Pickup sacom VND | F54: Normal | G54: Perform International Remittance - Cash Pickup from FC USD | H54: FC | I54: =IF(H54="PSP",IF(K54="KHR",'Config Data'!$D$13,'Config Data'!$D$14),IF(H54="FC",IF(K54="KHR",'Config Data'!$D$15,'Config Data'!$D$16))) -> 103634533 | J54: High Yield Saving - Standard | K54: USD | M54: $4.00 | N54: 0 | P54: N/A | Q54: N/A | R54: N/A | S54: VND | U54: N/A | X54: 1-Transaction will be success 2-Amount deducted from the payer to the payee is correct 3-Exchange rate is correct | Z54: Failed | AC54: =HYPERLINK("Screenshots/Wing to World/TCRT-0050","View Screenshots") -> View Screenshots
A55: 51 | B55: TCRT-0051 | E55: International Remittance - Cash Pickup sacom VND | F55: Normal | G55: Perform International Remittance - Cash Pickup from PSP USD | H55: PSP | I55: =IF(H55="PSP",IF(K55="KHR",'Config Data'!$D$13,'Config Data'!$D$14),IF(H55="FC",IF(K55="KHR",'Config Data'!$D$15,'Config Data'!$D$16))) -> 07782087 | J55: Customer - Current Account Personal - Standard | K55: USD | M55: $4.00 | N55: 0 | P55: N/A | Q55: N/A | R55: N/A | S55: VND | U55: N/A | X55: 1-Transaction will be success 2-Amount deducted from the payer to the payee is correct 3-Exchange rate is correct | Z55: Failed | AC55: =HYPERLINK("Screenshots/Wing to World/TCRT-0051","View Screenshots") -> View Screenshots
A56: 52 | B56: TCRT-0052 | D56: Transfer to Local Bank via Bakong | E56: Perform Transaction Transfer to Local Bank via Bakong | F56: Normal | G56: Transfer to Local Bank via Bakong From FC USD-Other Bank KHR | H56: FC | I56: =IF(H56="PSP",IF(K56="KHR",'Config Data'!$D$13,'Config Data'!$D$14),IF(H56="FC",IF(K56="KHR",'Config Data'!$D$15,'Config Data'!$D$16))) -> 103634533 | J56: High Yield Saving - Standard | K56: USD | L56: 29.67 | M56: 2600 | N56: 0 | O56: =IF(AND(K56="USD",S56="KHR"),120000,IF(AND(K56="KHR",S56="USD"),30,IF(AND(K56="USD",S56="USD"),1,IF(AND(K56="KHR",S56="KHR"),4000,IF(S56="KHR",'Config Data'!$D$21,IF(S56="USD",'Config Data'!$D$23,"")))))) -> 120000 | P56: ABA Bank | Q56: =IF(P56="ABA Bank",IF(S56="KHR",'Config Data'!$D$49,'Config Data'!$D$48),"") -> 600901105 | R56: ABA Saving Account | S56: KHR | T56: 4045 | U56: Small Rate | V56: 0002340262390015 | W56: 27-08-2026 | 02:27:32 AM | X56: 1-Transaction will be success 2-Amount deducted from the payer to the payee is correct 3-Exchange rate is correct | Y56: As Expected | Z56: Passed | AA56: Automation | AC56: =HYPERLINK("Screenshots/Wing to Other Banks (Local Bank via Bakong)/TCRT-0052","View Screenshots") -> View Screenshots
A57: 53 | B57: TCRT-0053 | E57: Perform Transaction Transfer to Local Bank via Bakong | F57: Normal | G57: Transfer to Local Bank via Bakong From FC KHR-Other Bank USD | H57: FC | I57: =IF(H57="PSP",IF(K57="KHR",'Config Data'!$D$13,'Config Data'!$D$14),IF(H57="FC",IF(K57="KHR",'Config Data'!$D$15,'Config Data'!$D$16))) -> 103634567 | J57: High Yield Saving - Standard | K57: KHR | L57: 121590 | M57: 0.65 | N57: 0 | O57: =IF(AND(K57="USD",S57="KHR"),120000,IF(AND(K57="KHR",S57="USD"),30,IF(AND(K57="USD",S57="USD"),1,IF(AND(K57="KHR",S57="KHR"),4000,IF(S57="KHR",'Config Data'!$D$21,IF(S57="USD",'Config Data'!$D$23,"")))))) -> 30 | P57: ABA Bank | Q57: =IF(P57="ABA Bank",IF(S57="KHR",'Config Data'!$D$49,'Config Data'!$D$48),"") -> 004426857 | R57: ABA Saving Account | S57: USD | T57: 4053 | U57: Big Rate | V57: 0002340262390016 | W57: 27-08-2026 | 02:28:12 AM | X57: 1-Transaction will be success 2-Amount deducted from the payer to the payee is correct 3-Exchange rate is correct | Y57: As Expected | Z57: Passed | AA57: Automation | AC57: =HYPERLINK("Screenshots/Wing to Other Banks (Local Bank via Bakong)/TCRT-0053","View Screenshots") -> View Screenshots
A58: 54 | B58: TCRT-0054 | E58: Perform Transaction Transfer to Local Bank via Bakong | F58: Normal | G58: Transfer to Local Bank via Bakong From PSP KHR-Other Bank USD | H58: PSP | I58: =IF(H58="PSP",IF(K58="KHR",'Config Data'!$D$13,'Config Data'!$D$14),IF(H58="FC",IF(K58="KHR",'Config Data'!$D$15,'Config Data'!$D$16))) -> 07782083 | J58: Customer - Current Account Personal - Standard | K58: KHR | L58: 121590 | M58: 0.65 | N58: 0 | O58: =IF(AND(K58="USD",S58="KHR"),120000,IF(AND(K58="KHR",S58="USD"),30,IF(AND(K58="USD",S58="USD"),1,IF(AND(K58="KHR",S58="KHR"),4000,IF(S58="KHR",'Config Data'!$D$21,IF(S58="USD",'Config Data'!$D$23,"")))))) -> 30 | P58: ABA Bank | Q58: =IF(P58="ABA Bank",IF(S58="KHR",'Config Data'!$D$49,'Config Data'!$D$48),"") -> 004426857 | R58: ABA Saving Account | S58: USD | T58: 4053 | U58: Big Rate | V58: QBF959118 | W58: 27-08-2026 | 02:28:50 AM | X58: 1-Transaction will be success 2-Amount deducted from the payer to the payee is correct 3-Exchange rate is correct | Y58: As Expected | Z58: Passed | AA58: Automation | AC58: =HYPERLINK("Screenshots/Wing to Other Banks (Local Bank via Bakong)/TCRT-0054","View Screenshots") -> View Screenshots
A59: 55 | B59: TCRT-0055 | E59: Perform Transaction Transfer to Local Bank via Bakong | F59: Normal | G59: Transfer to Local Bank via Bakong From PSP USD-Other Bank KHR | H59: PSP | I59: =IF(H59="PSP",IF(K59="KHR",'Config Data'!$D$13,'Config Data'!$D$14),IF(H59="FC",IF(K59="KHR",'Config Data'!$D$15,'Config Data'!$D$16))) -> 07782087 | J59: Customer - Current Account Personal - Standard | K59: USD | L59: 29.66 | M59: 2600 | N59: 0 | O59: =IF(AND(K59="USD",S59="KHR"),120000,IF(AND(K59="KHR",S59="USD"),30,IF(AND(K59="USD",S59="USD"),1,IF(AND(K59="KHR",S59="KHR"),4000,IF(S59="KHR",'Config Data'!$D$21,IF(S59="USD",'Config Data'!$D$23,"")))))) -> 120000 | P59: ABA Bank | Q59: =IF(P59="ABA Bank",IF(S59="KHR",'Config Data'!$D$49,'Config Data'!$D$48),"") -> 600901105 | R59: ABA Saving Account | S59: KHR | T59: 4045 | U59: Small Rate | V59: QBF959273 | W59: 27-08-2026 | 02:31:33 AM | X59: 1-Transaction will be success 2-Amount deducted from the payer to the payee is correct | Y59: As Expected | Z59: Passed | AA59: Automation | AC59: =HYPERLINK("Screenshots/Wing to Other Banks (Local Bank via Bakong)/TCRT-0055","View Screenshots") -> TCRT-0055
A60: 56 | B60: TCRT-0056 | D60: Wing To Other Banks NCS | E60: Perform Transaction Wing To Other Banks NCS | F60: Normal | G60: From FC USD - Other Bank | H60: FC | I60: =IF(H60="PSP",IF(K60="KHR",'Config Data'!$D$13,'Config Data'!$D$14),IF(H60="FC",IF(K60="KHR",'Config Data'!$D$15,'Config Data'!$D$16))) -> 103634533 | J60: High Yield Saving - Standard | K60: USD | L60: =IF(AND(K60="USD",S60="KHR"),30,IF(AND(K60="KHR",S60="USD"),120000,IF(AND(K60="USD",S60="USD"),2,IF(AND(K60="KHR",S60="KHR"),8000,IF(S60="KHR",'Config Data'!$D$21,IF(S60="USD",'Config Data'!$D$23,"")))))) -> 2 | M60: Free | N60: 0 | O60: 2.00 | P60: Advanced Bank of Asia Ltd | Q60: =IF(P60="Advanced Bank of Asia Ltd",IF(S60="KHR",'Config Data'!$D$49,'Config Data'!$D$48),"") -> 004426857 | R60: Mony Rorn | S60: USD | U60: N/A | V60: 0002348262390005 | W60: 27-08-2026 | 02:32:11 AM | X60: 1-Transaction will be success 2-Amount deducted from the payer to the payee is correct | Y60: As Expected | Z60: Passed | AA60: Automation | AC60: =HYPERLINK("Screenshots/Wing to Other Banks (Local Bank via NCS)/TCRT-0056","View Screenshots") -> View Screenshots
A61: 57 | B61: TCRT-0057 | E61: Perform Transaction Wing To Other Banks NCS | F61: Normal | G61: From FC KHR- Other Bank | H61: FC | I61: =IF(H61="PSP",IF(K61="KHR",'Config Data'!$D$13,'Config Data'!$D$14),IF(H61="FC",IF(K61="KHR",'Config Data'!$D$15,'Config Data'!$D$16))) -> 103634567 | J61: High Yield Saving - Standard | K61: KHR | L61: =IF(AND(K61="USD",S61="KHR"),30,IF(AND(K61="KHR",S61="USD"),120000,IF(AND(K61="USD",S61="USD"),2,IF(AND(K61="KHR",S61="KHR"),8000,IF(S61="KHR",'Config Data'!$D$21,IF(S61="USD",'Config Data'!$D$23,"")))))) -> 8000 | M61: Free | N61: 0 | O61: 8000 | P61: Advanced Bank of Asia Ltd | Q61: =IF(P61="Advanced Bank of Asia Ltd",IF(S61="KHR",'Config Data'!$D$49,'Config Data'!$D$48),"") -> 600901105 | R61: Mony Rorn | S61: KHR | U61: N/A | V61: 0002348262390006 | W61: 27-08-2026 | 02:32:45 AM | X61: 1-Transaction will be success 2-Amount deducted from the payer to the payee is correct | Y61: As Expected | Z61: Passed | AA61: Automation | AC61: =HYPERLINK("Screenshots/Wing to Other Banks (Local Bank via NCS)/TCRT-0057","View Screenshots") -> View Screenshots
A62: 58 | B62: TCRT-0058 | D62: Fund Transfer - Bakong Wallet | E62: Perform Transaction Fund Transfer - Bakong Wallet | F62: Normal | G62: From FC USD - Bakong Wallet KHR | H62: FC | I62: =IF(H62="PSP",IF(K62="KHR",'Config Data'!$D$13,'Config Data'!$D$14),IF(H62="FC",IF(K62="KHR",'Config Data'!$D$15,'Config Data'!$D$16))) -> 103634533 | J62: High Yield Saving - Standard | K62: USD | L62: 29.67 | M62: 2600 | N62: 0 | O62: =IF(AND(K62="USD",S62="KHR"),120000,IF(AND(K62="KHR",S62="USD"),30,IF(AND(K62="USD",S62="USD"),1,IF(AND(K62="KHR",S62="KHR"),4000,IF(S62="KHR",'Config Data'!$D$21,IF(S62="USD",'Config Data'!$D$23,"")))))) -> 120000 | P62: Bakong KHR | Q62: ='Config Data'!D$50 -> 086938457 | R62: Bakong KHR | S62: KHR | T62: 4045 | U62: Small Rate | V62: 0002340262390020 | W62: 27-08-2026 | 02:33:17 AM | X62: 1-Transaction will be success 2-Amount deducted from the payer to the payee is correct | Y62: As Expected | Z62: Passed | AA62: Automation | AC62: =HYPERLINK("Screenshots/Wing to Other Banks (Bakong Wallet)/TCRT-0058","View Screenshots") -> View Screenshots
A63: 59 | B63: TCRT-0059 | E63: Perform Transaction Fund Transfer - Bakong Wallet | F63: Normal | G63: From FC KHR- Bakong Wallet KHR | H63: FC | I63: =IF(H63="PSP",IF(K63="KHR",'Config Data'!$D$13,'Config Data'!$D$14),IF(H63="FC",IF(K63="KHR",'Config Data'!$D$15,'Config Data'!$D$16))) -> 103634567 | J63: High Yield Saving - Standard | K63: KHR | L63: 4000 | M63: 1200 | N63: 0 | O63: =IF(AND(K63="USD",S63="KHR"),120000,IF(AND(K63="KHR",S63="USD"),30,IF(AND(K63="USD",S63="USD"),1,IF(AND(K63="KHR",S63="KHR"),4000,IF(S63="KHR",'Config Data'!$D$21,IF(S63="USD",'Config Data'!$D$23,"")))))) -> 4000 | P63: Bakong KHR | Q63: ='Config Data'!D$50 -> 086938457 | R63: Bakong KHR | S63: KHR | U63: N/A | V63: 0002340262390021 | W63: 27-08-2026 | 02:33:48 AM | X63: 1-Transaction will be success 2-Amount deducted from the payer to the payee is correct | Y63: As Expected | Z63: Passed | AA63: Automation | AC63: =HYPERLINK("Screenshots/Wing to Other Banks (Bakong Wallet)/TCRT-0059","View Screenshots") -> View Screenshots
A64: 60 | B64: TCRT-0060 | E64: Perform Transaction Fund Transfer - Bakong Wallet | F64: Normal | G64: From PSP USD - Bakong Wallet USD | H64: PSP | I64: =IF(H64="PSP",IF(K64="KHR",'Config Data'!$D$13,'Config Data'!$D$14),IF(H64="FC",IF(K64="KHR",'Config Data'!$D$15,'Config Data'!$D$16))) -> 07782087 | J64: Customer - Current Account Personal - Standard | K64: USD | L64: 1.00 | M64: 0.30 | N64: 0 | O64: =IF(AND(K64="USD",S64="KHR"),120000,IF(AND(K64="KHR",S64="USD"),30,IF(AND(K64="USD",S64="USD"),1,IF(AND(K64="KHR",S64="KHR"),4000,IF(S64="KHR",'Config Data'!$D$21,IF(S64="USD",'Config Data'!$D$23,"")))))) -> 1 | P64: Bakong USD | Q64: ='Config Data'!D$50 -> 086938457 | R64: Bakong USD | S64: USD | U64: N/A | V64: QBF959454 | W64: 27-08-2026 | 02:34:20 AM | X64: 1-Transaction will be success 2-Amount deducted from the payer to the payee is correct | Y64: As Expected | Z64: Passed | AA64: Automation | AC64: =HYPERLINK("Screenshots/Wing to Other Banks (Bakong Wallet)/TCRT-0060","View Screenshots") -> View Screenshots
A65: 61 | B65: TCRT-0061 | E65: Perform Transaction Fund Transfer - Bakong Wallet | F65: Normal | G65: From PSP KHR - Bakong Wallet USD | H65: PSP | I65: =IF(H65="PSP",IF(K65="KHR",'Config Data'!$D$13,'Config Data'!$D$14),IF(H65="FC",IF(K65="KHR",'Config Data'!$D$15,'Config Data'!$D$16))) -> 07782083 | J65: Customer - Current Account Personal - Standard | K65: KHR | L65: 121590 | M65: 0.65 | N65: 0 | O65: =IF(AND(K65="USD",S65="KHR"),120000,IF(AND(K65="KHR",S65="USD"),30,IF(AND(K65="USD",S65="USD"),1,IF(AND(K65="KHR",S65="KHR"),4000,IF(S65="KHR",'Config Data'!$D$21,IF(S65="USD",'Config Data'!$D$23,"")))))) -> 30 | P65: Bakong USD | Q65: ='Config Data'!D$50 -> 086938457 | R65: Bakong USD | S65: USD | T65: 4053 | U65: Big Rate | V65: QBF959477 | W65: 27-08-2026 | 02:34:55 AM | X65: 1-Transaction will be success 2-Amount deducted from the payer to the payee is correct | Y65: As Expected | Z65: Passed | AA65: Automation | AC65: =HYPERLINK("Screenshots/Wing to Other Banks (Bakong Wallet)/TCRT-0061","View Screenshots") -> View Screenshots
A66: 62 | B66: TCRT-0062 | D66: Transfer Direct To Other Bank (ABA) | E66: Perform Transaction Billpay Other Bank ABA | F66: Normal | G66: From FC USD - ABA KHR | H66: FC | I66: =IF(H66="PSP",IF(K66="KHR",'Config Data'!$D$13,'Config Data'!$D$14),IF(H66="FC",IF(K66="KHR",'Config Data'!$D$15,'Config Data'!$D$16))) -> 103634533 | J66: High Yield Saving - Standard | K66: USD | L66: 29.67 | M66: 2600 | N66: 0 | O66: =IF(AND(K66="USD",S66="KHR"),120000,IF(AND(K66="KHR",S66="USD"),30,IF(AND(K66="USD",S66="USD"),2,IF(AND(K66="KHR",S66="KHR"),8000,IF(S66="KHR",'Config Data'!$D$21,IF(S66="USD",'Config Data'!$D$23,"")))))) -> 120000 | P66: ABA | Q66: =IF(P66="ABA",IF(S66="KHR",'Config Data'!$D$49,'Config Data'!$D$48),"") -> 600901105 | R66: ABA | S66: KHR | T66: 4045 | U66: Small Rate | V66: 0002394262390019 | W66: 27-08-2026 | 02:36:59 AM | X66: 1-Transaction will be success 2-Amount deducted from the payer to the payee is correct 3-Exchange rate is correct | Y66: As Expected | Z66: Passed | AA66: Automation | AC66: =HYPERLINK("Screenshots/Wing to Other Banks (Direct Bank)/TCRT-0062","View Screenshots") -> View Screenshots
A67: 63 | B67: TCRT-0063 | E67: Perform Transaction Billpay Other Bank ABA | F67: Normal | G67: From FC KHR- ABA KHR | H67: FC | I67: =IF(H67="PSP",IF(K67="KHR",'Config Data'!$D$13,'Config Data'!$D$14),IF(H67="FC",IF(K67="KHR",'Config Data'!$D$15,'Config Data'!$D$16))) -> 103634567 | J67: High Yield Saving - Standard | K67: KHR | L67: 8000 | M67: 2600 | N67: 0 | O67: =IF(AND(K67="USD",S67="KHR"),120000,IF(AND(K67="KHR",S67="USD"),30,IF(AND(K67="USD",S67="USD"),2,IF(AND(K67="KHR",S67="KHR"),8000,IF(S67="KHR",'Config Data'!$D$21,IF(S67="USD",'Config Data'!$D$23,"")))))) -> 8000 | P67: ABA | Q67: =IF(P67="ABA",IF(S67="KHR",'Config Data'!$D$49,'Config Data'!$D$48),"") -> 600901105 | R67: ABA | S67: KHR | U67: N/A | V67: 0002394262390020 | W67: 27-08-2026 | 02:37:41 AM | X67: 1-Transaction will be success 2-Amount deducted from the payer to the payee is correct | Y67: As Expected | Z67: Passed | AA67: Automation | AC67: =HYPERLINK("Screenshots/Wing to Other Banks (Direct Bank)/TCRT-0063","View Screenshots") -> View Screenshots
A68: 64 | B68: TCRT-0064 | E68: Perform Transaction Billpay Other Bank ABA | F68: Normal | G68: From PSP USD -ABA USD | H68: PSP | I68: =IF(H68="PSP",IF(K68="KHR",'Config Data'!$D$13,'Config Data'!$D$14),IF(H68="FC",IF(K68="KHR",'Config Data'!$D$15,'Config Data'!$D$16))) -> 07782087 | J68: Customer - Current Account Personal - Standard | K68: USD | L68: 2.00 | M68: 0.65 | N68: 0 | O68: =IF(AND(K68="USD",S68="KHR"),120000,IF(AND(K68="KHR",S68="USD"),30,IF(AND(K68="USD",S68="USD"),2,IF(AND(K68="KHR",S68="KHR"),8000,IF(S68="KHR",'Config Data'!$D$21,IF(S68="USD",'Config Data'!$D$23,"")))))) -> 2 | P68: ABA | Q68: =IF(P68="ABA",IF(S68="KHR",'Config Data'!$D$49,'Config Data'!$D$48),"") -> 004426857 | R68: ABA | S68: USD | U68: N/A | V68: QBF959719 | W68: 27-08-2026 | 02:38:33 AM | X68: 1-Transaction will be success 2-Amount deducted from the payer to the payee is correct | Y68: As Expected | Z68: Passed | AA68: Automation | AC68: =HYPERLINK("Screenshots/Wing to Other Banks (Direct Bank)/TCRT-0064","View Screenshots") -> View Screenshots
A69: 65 | B69: TCRT-0065 | E69: Perform Transaction Billpay Other Bank ABA | F69: Normal | G69: From PSP KHR - ABA USD | H69: PSP | I69: =IF(H69="PSP",IF(K69="KHR",'Config Data'!$D$13,'Config Data'!$D$14),IF(H69="FC",IF(K69="KHR",'Config Data'!$D$15,'Config Data'!$D$16))) -> 07782083 | J69: Customer - Current Account Personal - Standard | K69: KHR | L69: 121590 | M69: 0.65 | N69: 0 | O69: =IF(AND(K69="USD",S69="KHR"),120000,IF(AND(K69="KHR",S69="USD"),30,IF(AND(K69="USD",S69="USD"),2,IF(AND(K69="KHR",S69="KHR"),8000,IF(S69="KHR",'Config Data'!$D$21,IF(S69="USD",'Config Data'!$D$23,"")))))) -> 30 | P69: ABA | Q69: =IF(P69="ABA",IF(S69="KHR",'Config Data'!$D$49,'Config Data'!$D$48),"") -> 004426857 | R69: ABA | S69: USD | T69: 4053 | U69: Big Rate | V69: QBF959768 | W69: 27-08-2026 | 02:39:14 AM | X69: 1-Transaction will be success 2-Amount deducted from the payer to the payee is correct 3-Exchange rate is correct | Y69: As Expected | Z69: Passed | AA69: Automation | AC69: =HYPERLINK("Screenshots/Wing to Other Banks (Direct Bank)/TCRT-0065","View Screenshots") -> View Screenshots
A70: 66 | B70: TCRT-0066 | D70: Cashout - Input Manual | E70: Perform Transaction QR Payment - Input Manual | F70: Normal | G70: Cashout Input Manual From FC USD - With Merchant ID USD | H70: FC | I70: =IF(H70="PSP",IF(K70="KHR",'Config Data'!$D$13,'Config Data'!$D$14),IF(H70="FC",IF(K70="KHR",'Config Data'!$D$15,'Config Data'!$D$16))) -> 103634533 | J70: High Yield Saving - Standard | K70: USD | L70: 5.00 | M70: 0.03 | N70: 0 | O70: =IF(AND(K70="USD",S70="KHR"),120000,IF(AND(K70="KHR",S70="USD"),30,IF(AND(K70="USD",S70="USD"),5,IF(AND(K70="KHR",S70="KHR"),20000,IF(S70="KHR",'Config Data'!$D$21,IF(S70="USD",'Config Data'!$D$23,"")))))) -> 5 | P70: Merchant App FC | Q70: 533129 | R70: High Yield Saving - Business Gold | S70: USD | U70: N/A | V70: 0002476262390519 | W70: 27-08-2026 | 02:39:43 AM | X70: 1-Transaction will be success 2-Amount deducted from the payer to the payee is correct | Y70: As Expected | Z70: Passed | AA70: Automation | AC70: =HYPERLINK("Screenshots/Cash Out Manual/TCRT-0066","View Screenshots") -> View Screenshots
A71: 67 | B71: TCRT-0067 | E71: Perform Transaction QR Payment - Input Manual | F71: Normal | G71: Cashout Input Manual From FC KHR - With Merchant ID KHR | H71: FC | I71: =IF(H71="PSP",IF(K71="KHR",'Config Data'!$D$13,'Config Data'!$D$14),IF(H71="FC",IF(K71="KHR",'Config Data'!$D$15,'Config Data'!$D$16))) -> 103634567 | J71: High Yield Saving - Standard | K71: KHR | L71: 20000 | M71: 0.04 | N71: 0 | O71: =IF(AND(K71="USD",S71="KHR"),120000,IF(AND(K71="KHR",S71="USD"),30,IF(AND(K71="USD",S71="USD"),5,IF(AND(K71="KHR",S71="KHR"),20000,IF(S71="KHR",'Config Data'!$D$21,IF(S71="USD",'Config Data'!$D$23,"")))))) -> 20000 | P71: Merchant App FC | Q71: 533130 | R71: High Yield Saving - Business Gold | S71: KHR | U71: N/A | V71: 0002476262390520 | W71: 27-08-2026 | 02:40:10 AM | X71: 1-Transaction will be success 2-Amount deducted from the payer to the payee is correct | Y71: As Expected | Z71: Passed | AA71: Automation | AC71: =HYPERLINK("Screenshots/Cash Out Manual/TCRT-0067","View Screenshots") -> View Screenshots
A72: 68 | B72: TCRT-0068 | E72: Perform Transaction QR Payment - Input Manual | F72: Normal | G72: Cashout Input Manual From PSP USD - With Merchant ID KHR | H72: PSP | I72: =IF(H72="PSP",IF(K72="KHR",'Config Data'!$D$13,'Config Data'!$D$14),IF(H72="FC",IF(K72="KHR",'Config Data'!$D$15,'Config Data'!$D$16))) -> 07782087 | J72: Customer - Current Account Personal - Standard | K72: USD | L72: 29.66 | M72: 0.22 | N72: 0 | O72: =IF(AND(K72="USD",S72="KHR"),120000,IF(AND(K72="KHR",S72="USD"),30,IF(AND(K72="USD",S72="USD"),5,IF(AND(K72="KHR",S72="KHR"),20000,IF(S72="KHR",'Config Data'!$D$21,IF(S72="USD",'Config Data'!$D$23,"")))))) -> 120000 | P72: Merchant App FC | Q72: 533130 | R72: High Yield Saving - Business Gold | S72: KHR | U72: Small Rate | V72: JBT760544 | W72: 27-08-2026 | 02:42:33 AM | X72: 1-Transaction will be success 2-Amount deducted from the payer to the payee is correct 3-Exchange rate is correct | Y72: As Expected | Z72: Passed | AA72: Automation | AC72: =HYPERLINK("Screenshots/Cash Out Manual/TCRT-0068","View Screenshots") -> TCRT-0068
A73: 69 | B73: TCRT-0069 | E73: Perform Transaction QR Payment - Input Manual | F73: Normal | G73: Cashout Input Manual From PSP KHR - With Merchant ID USD | H73: PSP | I73: =IF(H73="PSP",IF(K73="KHR",'Config Data'!$D$13,'Config Data'!$D$14),IF(H73="FC",IF(K73="KHR",'Config Data'!$D$15,'Config Data'!$D$16))) -> 07782083 | J73: Customer - Current Account Personal - Standard | K73: KHR | L73: 121590 | M73: 0.22 | N73: 0 | O73: =IF(AND(K73="USD",S73="KHR"),120000,IF(AND(K73="KHR",S73="USD"),30,IF(AND(K73="USD",S73="USD"),5,IF(AND(K73="KHR",S73="KHR"),20000,IF(S73="KHR",'Config Data'!$D$21,IF(S73="USD",'Config Data'!$D$23,"")))))) -> 30 | P73: Merchant App FC | Q73: 533129 | R73: High Yield Saving - Business Gold | S73: USD | U73: Big Rate | V73: JBT760477 | W73: 27-08-2026 | 02:41:12 AM | X73: 1-Transaction will be success 2-Amount deducted from the payer to the payee is correct 3-Exchange rate is correct | Y73: As Expected | Z73: Passed | AA73: Automation | AC73: =HYPERLINK("Screenshots/Cash Out Manual/TCRT-0069","View Screenshots") -> View Screenshots
A74: 70 | B74: TCRT-0070 | D74: QR Payment KHQR Bakong Wallet | E74: Perform Transaction QR Payment KHQR Bakong Wallet | F74: Normal | G74: From FC USD - Bakong Wallet KHQR Static KHR | H74: FC | I74: =IF(H74="PSP",IF(K74="KHR",'Config Data'!$D$13,'Config Data'!$D$14),IF(H74="FC",IF(K74="KHR",'Config Data'!$D$15,'Config Data'!$D$16))) -> 103634533 | J74: High Yield Saving - Standard | K74: USD | L74: 29.67 | M74: 0 | N74: 0 | O74: =IF(AND(K74="USD",S74="KHR"),120000,IF(AND(K74="KHR",S74="USD"),30,IF(AND(K74="USD",S74="USD"),1,IF(AND(K74="KHR",S74="KHR"),4000,IF(S74="KHR",'Config Data'!$D$21,IF(S74="USD",'Config Data'!$D$23,"")))))) -> 120000 | P74: Bakong wallet | Q74: 00020101021115311974011600520446BONG1000231208129180014mony_rorn@bkrt5204599953031165802KH5909Mony Rorn6010Phnom Penh63042C01 | R74: Bakong Wallet (KHR) | S74: KHR | U74: Small Rate | V74: 0002347262398711 | W74: 27-08-2026 | 02:45:08 AM | X74: 1-Transaction will be success 2-Amount deducted from the payer to the payee is correct | Y74: As Expected | Z74: Passed | AA74: Automation | AC74: =HYPERLINK("Screenshots/QR Payment KHQR Bakong Wallet/TCRT-0070","View Screenshots") -> View Screenshots | AD74: Hash: 3a3d95fe
A75: 71 | B75: TCRT-0071 | E75: Perform Transaction QR Payment KHQR Bakong Wallet | F75: Normal | G75: From FC KHR - Bakong Wallet KHQR Static KHR | H75: FC | I75: =IF(H75="PSP",IF(K75="KHR",'Config Data'!$D$13,'Config Data'!$D$14),IF(H75="FC",IF(K75="KHR",'Config Data'!$D$15,'Config Data'!$D$16))) -> 103634567 | J75: High Yield Saving - Standard | K75: KHR | L75: 4000 | M75: 0 | N75: 0 | O75: =IF(AND(K75="USD",S75="KHR"),120000,IF(AND(K75="KHR",S75="USD"),30,IF(AND(K75="USD",S75="USD"),1,IF(AND(K75="KHR",S75="KHR"),4000,IF(S75="KHR",'Config Data'!$D$21,IF(S75="USD",'Config Data'!$D$23,"")))))) -> 4000 | P75: Bakong wallet | Q75: 00020101021115311974011600520446BONG1000231208129180014mony_rorn@bkrt5204599953031165802KH5909Mony Rorn6010Phnom Penh63042C01 | R75: Bakong Wallet (KHR) | S75: KHR | U75: N/A | V75: 0002347262398742 | W75: 27-08-2026 | 02:45:38 AM | X75: 1-Transaction will be success 2-Amount deducted from the payer to the payee is correct 3-Exchange rate is correct | Y75: As Expected | Z75: Passed | AA75: Automation | AC75: =HYPERLINK("Screenshots/QR Payment KHQR Bakong Wallet/TCRT-0071","View Screenshots") -> View Screenshots | AD75: Hash: 7e38b7ab
A76: 72 | B76: TCRT-0072 | E76: Perform Transaction QR Payment KHQR Bakong Wallet | F76: Normal | G76: From PSP USD - Bakong Wallet KHQR Static KHR | H76: PSP | I76: =IF(H76="PSP",IF(K76="KHR",'Config Data'!$D$13,'Config Data'!$D$14),IF(H76="FC",IF(K76="KHR",'Config Data'!$D$15,'Config Data'!$D$16))) -> 07782087 | J76: Customer - Current Account Personal - Standard | K76: USD | L76: 29.66 | M76: 0 | N76: 0 | O76: =IF(AND(K76="USD",S76="KHR"),120000,IF(AND(K76="KHR",S76="USD"),30,IF(AND(K76="USD",S76="USD"),1,IF(AND(K76="KHR",S76="KHR"),4000,IF(S76="KHR",'Config Data'!$D$21,IF(S76="USD",'Config Data'!$D$23,"")))))) -> 120000 | P76: Bakong wallet | Q76: 00020101021115311974011600520446BONG1000231208129180014mony_rorn@bkrt5204599953031165802KH5909Mony Rorn6010Phnom Penh63042C01 | R76: Bakong Wallet (KHR) | S76: KHR | U76: Small Rate | V76: QBF960157 | W76: 27-08-2026 | 02:46:07 AM | X76: 1-Transaction will be success 2-Amount deducted from the payer to the payee is correct 3-Exchange rate is correct | Y76: As Expected | Z76: Passed | AA76: Automation | AC76: =HYPERLINK("Screenshots/QR Payment KHQR Bakong Wallet/TCRT-0072","View Screenshots") -> View Screenshots | AD76: Hash: dd599b2c
A77: 73 | B77: TCRT-0073 | E77: Perform Transaction QR Payment KHQR Bakong Wallet | F77: Normal | G77: From PSP KHR - Bakong Wallet KHQR Static KHR | H77: PSP | I77: =IF(H77="PSP",IF(K77="KHR",'Config Data'!$D$13,'Config Data'!$D$14),IF(H77="FC",IF(K77="KHR",'Config Data'!$D$15,'Config Data'!$D$16))) -> 07782083 | J77: Customer - Current Account Personal - Standard | K77: KHR | L77: 4000 | M77: 0 | N77: 0 | O77: =IF(AND(K77="USD",S77="KHR"),120000,IF(AND(K77="KHR",S77="USD"),30,IF(AND(K77="USD",S77="USD"),1,IF(AND(K77="KHR",S77="KHR"),4000,IF(S77="KHR",'Config Data'!$D$21,IF(S77="USD",'Config Data'!$D$23,"")))))) -> 4000 | P77: Bakong wallet | Q77: 00020101021115311974011600520446BONG1000231208129180014mony_rorn@bkrt5204599953031165802KH5909Mony Rorn6010Phnom Penh63042C01 | R77: Bakong Wallet (KHR) | S77: KHR | U77: N/A | V77: QBF960191 | W77: 27-08-2026 | 02:46:35 AM | X77: 1-Transaction will be success 2-Amount deducted from the payer to the payee is correct | Y77: As Expected | Z77: Passed | AA77: Automation | AC77: =HYPERLINK("Screenshots/QR Payment KHQR Bakong Wallet/TCRT-0073","View Screenshots") -> View Screenshots | AD77: Hash: 21573f8b

Sheet Config Data
B2: Regression Wing Bank App Automate Testcase configuration
B3: Version: 1.3
B5: Exchange Rate Config:
B6: Rate Type | C6: Rate Type | D6: Rate | E6: Date
B7: Sell Rate | C7: Sell Rate | D7: Tobe input | E7: Date
B8: Buy Rate | C8: Buy Rate | D8: Tobe input | E8: Date
B10: Platform: Wing Bank App
B11: 1. Customer Account
B12: No. | C12: Account Entity | D12: Account Number | E12: Currency | F12: Remark
B13: 1 | C13: PSP | D13: 07782083 | E13: KHR
B14: 2 | C14: PSP | D14: 07782087 | E14: USD
B15: 3 | C15: FC | D15: 103634567 | E15: USD
B16: 4 | C16: FC | D16: 103634533 | E16: USD
B17: 5 | C17: Wing Wei Luy Number | D17: 077989682 | E17: N/A
B18: 2. Amount
B19: No. | C19: Type | D19: Amount | E19: Currency | F19: Remark
B20: 1 | C20: Small Amount KHR | D20: 4000 | E20: KHR
B21: 2 | C21: Big Amount KHR | D21: 120000 | E21: KHR
B22: 3 | C22: Small Amount USD | D22: 1 | E22: USD
B23: 4 | C23: Big Amount USD | D23: 30 | E23: USD
B24: 5 | C24: Payment Amount USD | D24: 0.25 | E24: USD
B25: 6 | C25: Payment Amount KHR | D25: 1000 | E25: KHR
B26: 7 | C26: Cash Out USD | D26: 5 | E26: USD
B27: 8 | C27: Cash Out KHR | D27: 20000 | E27: KHR
B28: 3. QR Config
B29: TRUE | C29: Display Decryped QR Code
B31: No. | C31: Account Type | D31: QR | E31: Account Number | F31: Remark
B32: 1 | C32: Merchant FC USD | D32: 00020101021130420014wing_khqr@wing01090001342930207WINGPAY5204599953031165802KH5919PMOTEST HAI CAR SOP6010Phnom Penh624401062571730211855959890720715FCCMPY00035927863047A8A | E32: 103263455 | F32: youhai - fc
B33: 2 | C33: Merchant FC KHR | D33: 00020101021130420014wing_khqr@wing01090001342930207WINGPAY5204599953031165802KH5919PMOTEST HAI CAR SOP6010Phnom Penh624401062571730211855959890720715FCCMPY00035927863047A8A | E33: 103263456 | F33: youhai - fc
B34: 3 | C34: Merchant PSP KHR | D34: 00020101021130510014wing_khqr@wing01065331340207WINGPAY0308MERCHANT5204721153031165802KH5923PMOTest Youhai Ren Shop6010Phnom Penh6105120006304D37B | E34: 07783074 | F34: youhai - psp
B35: 4 | C35: Merchant PSP USD | D35: 00020101021130510014wing_khqr@wing01065331350207WINGPAY0308MERCHANT5204721153038405802KH5923PMOTest Youhai Ren Shop6010Phnom Penh6105120006304B296 | E35: 07783075 | F35: youhai - psp
B36: 5 | C36: WCX PSP (Agent) KHR | D36: T3B0OldDWApUaWw6OTM0MjM0IzkzNDIzNQo= | E36: 00751770 | F36: youhai - wcx
B37: 6 | C37: WCX PSP (Agent) USD | D37: T3B0OldDWApUaWw6OTM0MjM0IzkzNDIzNQo= | E37: 00751774 | F37: youhai - wcx
B38: 7 | C38: Customer QR OtherBank USD | D38: 00020101021229450016abaakhppxxx@abaa01090044268570208ABA Bank40390006abaP2P011259D64CDECE0F02090044268575204000053038405402305802KH5909RORN MONY6010Phnom Penh993400131776671446325011318082074463256304E369 | E38: 004426857 | F38: mony
B39: 8 | C39: Customer QR OtherBank KHR | D39: 00020101021229450016abaakhppxxx@abaa01096009011050208ABA Bank40390006abaP2P011259D64CDECE0F020960090110552040000530311654061200005802KH5909RORN MONY6010Phnom Penh9934001317766714861950113180820748619563041F76 | E39: 600901105 | F39: mony
B40: 9 | C40: Merchant QR OtherBank USD | D40: 00020101021130510016abaakhppxxx@abaa01151260202084127730208ABA Bank5204597753038405802KH5909RORN MONY6010PHNOM PENH624268380010PAYWAY@ABA01071609752020903211772563048B49 | E40: 004426857 | F40: mony
B41: 10 | C41: Merchant QR OtherBank KHR | D41: 00020101021130510016abaakhppxxx@abaa01151260202084127730208ABA Bank5204597753031165802KH5909RORN MONY6010PHNOM PENH624268380010PAYWAY@ABA01071609752020903211772563049D7B | E41: 600901105 | F41: mony
B42: 4. Phone Top Up
B43: No. | C43: PTU Pinless | D43: PTU Pinless | E43: Operator | F43: Remark
B44: 1 | C44: PTU Pinless | D44: 098229845 | E44: Smart
B45: 2 | C45: PTU Pinless | D45: 078731099 | E45: Cellcard
B46: 5.Bill Payment
B47: No. | C47: Bill Payment | D47: Bill Payment | F47: Remark
B48: 1 | C48: Other Bank USD Number | D48: 004426857
B49: 2 | C49: Other Bank KHR Number | D49: 600901105
B50: 3 | C50: Bakong Number | D50: 086938457
B51: 4 | C51: EDC Consumer ID | D51: 94132110
B52: 5 | C52: Angkor Hospital Number | D52: 086938457
B55: Platform: WCX eKYC (iOS)
B56: 1. WCX Account
B57: No. | C57: WCX Account Type | D57: Account Number | E57: Currency | F57: Remark
B58: 1 | C58: WCX PSP | D58: WCX KHR Account | E58: KHR | F58: WCX Account
B59: 2 | C59: WCX PSP | D59: WCX USD Account | E59: USD | F59: WCX Account
B60: 2. Customer Account
B61: No. | C61: Customer Account Type | D61: Account Number | E61: Currency | F61: Remark
B62: 1 | C62: FC KHR | D62: FC KHR Account | E62: KHR | F62: Customer Account Type
B63: 2 | C63: FC USD | D63: FC USD Account | E63: USD | F63: Customer Account Type
B64: 3. Amount Configuration
B65: No. | C65: Type | D65: Amount | E65: Currency | F65: Remark
B66: 1 | C66: Cash In Amount KHR | D66: Cash In Amount KHR | E66: KHR
B67: 2 | C67: Cash In Amount USD | D67: Cash In Amount USD | E67: USD
B68: 3 | C68: Cash Out Amount KHR | D68: Cash Out Amount KHR | E68: KHR
B69: 4 | C69: Cash Out Amount USD | D69: Cash Out Amount USD | E69: USD
B72: Platform: Bakong (android)
B73: 1. Customer Account
B74: No. | C74: Customer Account Type | D74: Account Number | E74: Currency | F74: Remark
B75: 1 | C75: PSP KHR | D75: 07782083 | E75: KHR | F75: Customer Account Type
B76: 2 | C76: PSP USD | D76: 07782087 | E76: USD | F76: Customer Account Type
B77: 3 | C77: FC KHR | D77: 103634567 | E77: KHR | F77: Customer Account Type
B78: 4 | C78: FC USD | D78: 103634533 | E78: USD | F78: Customer Account Type
B79: 2. Receiver Account (Customer Other Bank)
B80: No. | C80: Customer Other Bank | D80: Account Number | E80: Currency | F80: Bank Name
B81: 1 | C81: Other Bank Account KHR | D81: 600901105 | E81: KHR | F81: ABA Bank
B82: 2 | C82: Other Bank Account USD | D82: 004426857 | E82: USD | F82: ABA Bank
B83: 3 | C83: Bakong KHR | D83: 086938457 | E83: KHR | F83: Bakong KHR
B84: 4 | C84: Bakong USD | D84: 086938457 | E84: USD | F84: Bakong USD
B85: 3. Amount
B86: No. | C86: Amount Type | D86: Amount | E86: Currency | F86: Remark
B87: 1 | C87: Amount KHR | D87: 4000 | E87: KHR | F87: Customer Account Type
B88: 2 | C88: Amount USD | D88: 1 | E88: USD | F88: Customer Account Type
B89: 3 | C89: Cross Currency KHR | D89: 120000 | E89: KHR | F89: Customer Account Type
B90: 4 | C90: Cross Currency USD | D90: 30 | E90: USD | F90: Customer Account Type
B93: Platform:Wing Pay App under FC Android
B94: 1. Merchant Account
B95: No. | C95: Customer Account Type | D95: Account Number | E95: Currency | F95: Remark
B96: 1 | C96: Merchant FC Account KHR | D96: Merchant FC Account Number KHR | E96: KHR | F96: Customer Account Type
B97: 2 | C97: Merchant FC Account USD | D97: Merchant FC Account Number USD | E97: USD | F97: Customer Account Type
B98: 2. Customer Account
B99: No. | C99: Customer Account Type | D99: Account Number | E99: Currency | F99: Remark
B100: 1 | C100: Customer PSP Account KHR | D100: PSP Number KHR | E100: KHR | F100: Customer Account Type
B101: 2 | C101: Customer PSP Account USD | D101: PSP Number USD | E101: USD | F101: Customer Account Type
B102: 1 | C102: Customer FC Account KHR | D102: FC Number KHR | E102: KHR | F102: Customer Account Type
B103: 2 | C103: Customer FC Account USD | D103: FC Number USD | E103: USD | F103: Customer Account Type
B104: 3. Amount
B105: No. | D105: Amount | E105: Currency | F105: Remark
B106: 1 | C106: Small KHR Amount | D106: Wing Pay Small Amount KHR | E106: KHR | F106: Customer Account Type
B107: 2 | C107: Small USD Amount | D107: Wing Pay Small Amount USD | E107: USD | F107: Customer Account Type
B108: 3 | C108: Amount KHR | D108: Wing Pay Amount KHR | E108: KHR | F108: Customer Account Type
B109: 4 | C109: Amount USD | D109: Wing Pay Amount USD | E109: USD | F109: Customer Account Type
B112: Platform:Wing Pay App under PSP Android
...
